Name,HMDB,PubChem,ChEBI,KEGG,METLIN,Comment
1-Methylhistidine,HMDB00001,92105,50599,C01152,3741,1
2-Ketobutyric acid,HMDB00005,58,30831,C00109,NA,1
2-Hydroxybutyric acid,HMDB00008,11266,1148,C05984,3783,1
Deoxyuridine,HMDB00012,13712,16450,C00526,5086,1
Deoxycytidine,HMDB00014,13711,15698,C00881,3367,1
Cortexolone,HMDB00015,53477676,NA,C05488,5088,1
Deoxycorticosterone,HMDB00016,6166,16973,C03205,5089,1
4-Pyridoxic acid,HMDB00017,6723,17405,C00847,239,1
Alpha-ketoisovaleric acid,HMDB00019,49,16530,C00141,5091,1
p-Hydroxyphenylacetic acid,HMDB00020,127,18101,C00642,130,1
3-Methoxytyramine,HMDB00022,1669,742324,C05587,5094,1
3-O-Sulfogalactosylceramide (d18:1/24:0),HMDB00024,6451121,60361,C06125,5096,1
Ureidopropionic acid,HMDB00026,111,18261,C02642,5097,1
Androsterone,HMDB00031,12306765,16032,C00523,2797,1
7-Dehydrocholesterol,HMDB00032,439423,17759,C01164,5101,1
Carnosine,HMDB00033,439224,15727,C00386,38,1
Adenine,HMDB00034,190,16708,C00147,85,1
Taurocholic acid,HMDB00036,440567,28865,C05122,5104,1
Aldosterone,HMDB00037,24758425,27584,C01780,418,1
Dihydrobiopterin,HMDB00038,252,64277,C02953,5106,1
Butyric acid,HMDB00039,264,30772,C00246,107,1
Acetic acid,HMDB00042,176,15366,C00033,3206,1
Betaine,HMDB00043,247,17750,C00719,287,1
Ascorbic acid,HMDB00044,54670067,17208,C00072,3753,1
Adenosine monophosphate,HMDB00045,6083,16027,C00020,5111,1
Melibiose,HMDB00048,440658,28053,C05402,3478,1
Adenosine,HMDB00050,60961,16335,C00212,86,1
Androstenedione,HMDB00053,6128,16422,C00280,2795,1
Bilirubin,HMDB00054,5280352,16990,C00486,81,1
Beta-Alanine,HMDB00056,239,16958,C00099,5119,1
Cyclic AMP,HMDB00058,6076,17489,C00575,5120,1
Acetoacetic acid,HMDB00060,96,15344,C00164,276,1
"Adenosine 3',5'-diphosphate",HMDB00061,159296,17985,C00054,NA,1
L-Carnitine,HMDB00062,2724480,11060,C15025,52,1
Cortisol,HMDB00063,657311,NA,C00735,5124,1
Creatine,HMDB00064,586,16919,C00300,7,1
Epinephrine,HMDB00068,5816,28918,C00788,5127,1
Pipecolic acid,HMDB00070,849,17964,C00408,50,1
Deoxyinosine,HMDB00071,65058,28997,C05512,3383,1
cis-Aconitic acid,HMDB00072,643757,32805,C00417,5130,1
Dopamine,HMDB00073,681,18243,C03758,64,1
Dihydrouracil,HMDB00076,649,15901,C00429,285,1
Dehydroepiandrosterone,HMDB00077,9860744,220467,C01227,5133,1
Dihydrothymine,HMDB00079,93556,27468,C00906,5135,1
Cytidine triphosphate,HMDB00082,6176,17677,C00063,5136,1
Glycerophosphocholine,HMDB00086,71920,16870,C00670,370,1
Dimethylglycine,HMDB00092,673,17724,C01026,277,1
Citric acid,HMDB00094,311,30769,C00158,124,1
Cytidine monophosphate,HMDB00095,6131,17361,C00055,5143,1
D-Xylose,HMDB00098,135191,53455,C00181,314,1
L-Cystathionine,HMDB00099,439258,17482,C02291,39,1
Deoxyadenosine,HMDB00101,13730,17256,C00559,3382,1
Galactitol,HMDB00107,11850,16813,C01697,5148,1
Ethanol,HMDB00108,702,16236,C00469,3203,1
Glycerylphosphorylethanolamine,HMDB00114,22833510,NA,C01233,5151,1
Glycolic acid,HMDB00115,757,17497,C00160,3219,1
Homovanillic acid,HMDB00118,1738,545959,C05582,971,1
Glyoxylic acid,HMDB00119,760,16891,C00048,3213,1
Folic acid,HMDB00121,6037,27470,C00504,246,1
D-Glucose,HMDB00122,5793,4167,C00031,133,1
Glycine,HMDB00123,750,15428,C00037,20,1
Fructose 6-phosphate,HMDB00124,69507,15946,C00085,5159,1
Glutathione,HMDB00125,124886,16856,C00051,44,1
Glycerol 3-phosphate,HMDB00126,439162,15978,C00093,5161,1
D-Glucuronic acid,HMDB00127,444791,42717,C00191,161,1
Guanine,HMDB00132,764,16235,C00242,315,1
Guanosine,HMDB00133,6802,16750,C00387,87,1
Fumaric acid,HMDB00134,444972,18012,C00122,3242,1
Glycocholic acid,HMDB00138,23617285,29746,C01921,5169,1
Glyceric acid,HMDB00139,439194,32398,C00258,280,1
Glucosylceramide,HMDB00140,53477677,NA,C01190,NA,1
L-Glutamic acid,HMDB00148,33032,16015,C00025,5174,1
Gluconolactone,HMDB00150,7027,16217,C00198,353,1
Estradiol,HMDB00151,5757,16469,C00951,263,1
Gentisic acid,HMDB00152,3469,17189,C00628,618,1
Estriol,HMDB00153,5756,27974,C05141,2581,1
L-Malic acid,HMDB00156,222656,30797,C00149,NA,1
Hypoxanthine,HMDB00157,790,17368,C00262,83,1
L-Tyrosine,HMDB00158,6057,17895,C00082,34,1
L-Phenylalanine,HMDB00159,6140,17295,C00079,28,1
L-Alanine,HMDB00161,5950,16977,C00041,NA,1
L-Proline,HMDB00162,145742,17203,C00148,29,1
D-Maltose,HMDB00163,10991489,47937,C00208,413,1
L-Threonine,HMDB00167,6288,16857,C00188,32,1
L-Asparagine,HMDB00168,6267,17196,C00152,14,1
L-Isoleucine,HMDB00172,6306,17191,C00407,5193,1
L-Fucose,HMDB00174,17106,2181,C01019,268,1
Inosinic acid,HMDB00175,8582,17202,C00130,5196,1
L-Histidine,HMDB00177,6274,15971,C00135,21,1
L-Lysine,HMDB00182,5962,18019,C00047,5200,1
L-Serine,HMDB00187,5951,17115,C00065,5203,1
Inosine triphosphate,HMDB00189,8583,16039,C00081,5204,1
L-Lactic acid,HMDB00190,107689,422,C00186,5205,1
L-Aspartic acid,HMDB00191,5960,17053,C00049,5206,1
L-Cystine,HMDB00192,67678,16283,C00491,5207,1
Anserine,HMDB00194,112072,18323,C01262,5209,1
Inosine,HMDB00195,6021,17596,C00294,84,1
Indoleacetic acid,HMDB00197,802,16411,C00954,5211,1
L-Acetylcarnitine,HMDB00201,1,NA,C02571,5213,1
Methylmalonic acid,HMDB00202,487,30860,C02170,3712,1
Phenylpyruvic acid,HMDB00205,997,30851,C00166,328,1
N6-Acetyl-L-lysine,HMDB00206,92832,17752,C02727,5216,1
Oleic acid,HMDB00207,445639,16196,C00712,190,1
Oxoglutaric acid,HMDB00208,51,30915,C00026,5218,1
Phenylacetic acid,HMDB00209,999,30745,C07086,129,1
Pantothenic acid,HMDB00210,988,7916,C00864,241,1
N-Acetylgalactosamine,HMDB00212,84265,40356,C01074,5222,1
Ornithine,HMDB00214,6262,15729,C00077,27,1
Norepinephrine,HMDB00216,439260,18357,C00547,5226,1
NADP,HMDB00217,5886,18009,C00006,5227,1
Orotidylic acid,HMDB00218,160617,15842,C01103,5228,1
Palmitic acid,HMDB00220,985,15756,C00249,187,1
NADPH,HMDB00221,22833512,16474,C00005,3691,1
L-Palmitoylcarnitine,HMDB00222,11953816,17490,C02990,5231,1
O-Phosphoethanolamine,HMDB00224,1015,17553,C00346,5233,1
Oxoadipic acid,HMDB00225,71,15753,C00322,5234,1
Orotic acid,HMDB00226,967,16742,C00295,318,1
Mevalonic acid,HMDB00227,449,25351,C00418,127,1
Phenol,HMDB00228,996,15882,C00146,128,1
Propionic acid,HMDB00237,1032,30768,C00163,3215,1
Pyridoxine,HMDB00239,1054,16709,C00314,5245,1
Protoporphyrin IX,HMDB00241,NA,15430,C02191,4158,1
Pyruvic acid,HMDB00243,1060,32816,C00022,117,1
Riboflavin,HMDB00244,493570,17015,C00255,5249,1
Porphobilinogen,HMDB00245,1021,17381,C00931,76,1
Sorbitol,HMDB00247,5780,17924,C00794,143,1
Taurine,HMDB00251,1123,15891,C00245,31,1
Sphingosine,HMDB00252,5353955,16393,C00319,392,1
Pregnenolone,HMDB00253,53477678,16581,C01953,5257,1
Serotonin,HMDB00259,5202,28790,C00780,74,1
Thymine,HMDB00262,1135,17821,C00178,290,1
Phosphoenolpyruvic acid,HMDB00263,1005,44897,C00074,5264,1
Pyroglutamic acid,HMDB00267,7405,18183,C01879,3251,1
Tetrahydrocorticosterone,HMDB00268,9863245,NA,C05476,5267,1
Phosphoserine,HMDB00272,68841,15811,C01005,5270,1
Thymidine,HMDB00273,5789,17748,C00214,3375,1
Sphingosine 1-phosphate,HMDB00277,5353956,392583,C06124,5272,1
Saccharopine,HMDB00279,160556,16927,C00449,383,1
Phosphoribosyl pyrophosphate,HMDB00280,7339,17111,C00119,5274,1
D-Ribose,HMDB00283,5779,16988,C00121,313,1
Uridine triphosphate,HMDB00285,6133,15713,C00075,5277,1
Uridine diphosphate glucose,HMDB00286,53477679,NA,C00029,5278,1
Uridine 5'-monophosphate,HMDB00288,6030,16695,C00105,NA,1
Uric acid,HMDB00289,1175,17775,C00366,88,1
Uridine diphosphate-N-acetylglucosamine,HMDB00290,445675,16264,C00043,5281,1
Xanthine,HMDB00292,1188,17712,C00385,82,1
Uridine 5'-diphosphate,HMDB00295,6031,17659,C00015,NA,1
Uridine,HMDB00296,6029,16704,C00299,90,1
Xanthosine,HMDB00299,64959,18107,C01762,3408,1
Uracil,HMDB00300,1174,17568,C00106,258,1
Urocanic acid,HMDB00301,736715,30817,C00785,298,1
Vitamin A,HMDB00305,445354,17336,C00473,NA,1
Tyramine,HMDB00306,5610,15760,C00483,60,1
1b-Hydroxycholic acid,HMDB00307,5283893,NA,,5296,1
3b-Hydroxy-5-cholenoic acid,HMDB00308,92997,384794,,5297,1
16b-Hydroxyestrone,HMDB00313,22833517,NA,C05300,5302,1
2-Hydroxy-3-methylpentanoic acid,HMDB00317,10796774,NA,,5306,1
"3,4-Dihydroxyphenylglycol",HMDB00318,91528,1387,C05576,5307,1
2-Hydroxyadipic acid,HMDB00321,193530,17023,C02360,5310,1
3-Amino-2-piperidone,HMDB00323,5200225,NA,,5312,1
3-Hydroxysuberic acid,HMDB00325,22328017,NA,,5314,1
2-Phenylbutyric acid,HMDB00329,7012,1138996,,5318,1
"3a,7b,12a-Trihydroxyoxocholanyl-Glycine",HMDB00331,44263376,NA,,NA,1
2-Methylbutyrylglycine,HMDB00339,193872,240943,,5328,1
2-Octenedioic acid,HMDB00341,6079438,NA,,5330,1
"3b,12a-Dihydroxy-5a-cholanoic acid",HMDB00348,5283835,NA,,5337,1
3-Hydroxysebacic acid,HMDB00350,3017884,NA,,5339,1
2-Phosphoglyceric acid,HMDB00362,59,24344,,5351,1
3-(3-Hydroxyphenyl)propanoic acid,HMDB00375,91,1427,C11457,5364,1
Allolithocholic acid,HMDB00381,53477689,NA,,5370,1
3-Hydroxydodecanoic acid,HMDB00387,94216,36206,,5376,1
2-Octenoic acid,HMDB00392,5282713,NA,,4146,1
3-Hexenedioic acid,HMDB00393,5351896,NA,,5382,1
3-Hydroxytetradecanedioic acid,HMDB00394,20848956,NA,,5383,1
2-Methoxyestradiol,HMDB00405,66414,28955,C05302,5394,1
2-Hydroxy-3-methylbutyric acid,HMDB00407,99823,60645,,5396,1
3-Hydroxydodecanedioic acid,HMDB00413,16663321,NA,,5402,1
17-Hydroxypregnenolone sulfate,HMDB00416,152971,NA,,5405,1
18-Hydroxycortisol,HMDB00418,44263343,NA,,5407,1
3-Furoic acid,HMDB00444,10268,30846,,5433,1
"7a,12a-Dihydroxy-3-oxo-4-cholenoic acid",HMDB00447,5283996,49269,C15568,5436,1
Adipic acid,HMDB00448,196,30832,C06104,115,1
Delta-Hexanolactone,HMDB00453,13204,589927,,5442,1
Allantoin,HMDB00462,204,15676,C01551,89,1
Biopterin,HMDB00468,445040,63931,C06313,247,1
5-Hydroxymethyluracil,HMDB00469,78168,16964,C03088,5456,1
Caprylic acid,HMDB00482,379,28837,C06423,5469,1
7-Hydroxyoctanoic acid,HMDB00486,167627,NA,,5473,1
Aspartylglycosamine,HMDB00489,123826,17261,C04540,5476,1
"5,6-Dihydrouridine",HMDB00497,94312,23774,,5483,1
5-Tetradecenoic acid,HMDB00499,5282740,NA,,5485,1
3-Oxocholic acid,HMDB00502,53477697,NA,,5488,1
Aminoadipic acid,HMDB00510,469,37024,C00956,5496,1
Capric acid,HMDB00511,2969,30813,C01571,336,1
"5b-Cholestane-3a,7a,12a,23R,25-pentol",HMDB00513,21252249,NA,,5499,1
L-Arginine,HMDB00517,6322,16467,C00062,5502,1
Chenodeoxycholic acid,HMDB00518,10133,16755,C02528,207,1
"5-Androstene-3b,16b,17a-triol",HMDB00523,21252251,NA,,5508,1
Caproic acid,HMDB00535,8892,30776,C01585,5520,1
Adenylsuccinic acid,HMDB00536,440122,15919,C03794,5521,1
Adenosine triphosphate,HMDB00538,5957,15422,C00002,5523,1
7b-Hydroxy-3-oxo-5b-cholanoic acid,HMDB00541,22833531,NA,,5526,1
TG(10:0/10:0/10:0)[iso],HMDB00548,69310,NA,,5532,1
"3L,7D,11D-Phytanic acid",HMDB00553,9972843,NA,,5537,1
3-Methyladipic acid,HMDB00555,6999745,NA,,3797,1
"5,8-Tetradecadienoic acid",HMDB00560,5312409,NA,,5544,1
B-Carotene,HMDB00561,5280489,17579,C02094,5545,1
Creatinine,HMDB00562,588,16737,C00791,8,1
PC(16:0/16:0),HMDB00564,452110,NA,C00157,5548,1
Galactonic acid,HMDB00565,128869,16534,C00880,3336,1
Chondroitin sulfate,HMDB00580,24766,37397,C00607,5562,1
Glutarylglycine,HMDB00590,23592950,NA,,5569,1
PC(18:1(9Z)/18:1(9Z)) ,HMDB00593,6437081,NA,C00157,5572,1
cis-4-Decenedioic acid,HMDB00603,9543671,NA,,5578,1
"CE(18:2(9Z,12Z))",HMDB00610,5287939,41509,C15441,5584,1
Erythronic acid,HMDB00613,2781043,37655,,5586,1
PS(16:0/16:0),HMDB00614,3081382,NA,C02737,5587,1
D-Ribulose 5-phosphate,HMDB00618,53477706,17797,C00117,5591,1
Cholic acid,HMDB00619,221493,16359,C00695,206,1
Ethylmalonic acid,HMDB00622,11756,741548,,4180,1
Dodecanedioic acid,HMDB00623,12736,4676,C02678,5596,1
Gluconic acid,HMDB00625,10690,33198,C00257,345,1
Chondroitin,HMDB00629,53477707,16137,C00401,5602,1
Cytosine,HMDB00630,597,16040,C00380,283,1
Chenodeoxycholic acid glycine conjugate,HMDB00637,22833540,NA,C05466,5610,1
Dodecanoic acid,HMDB00638,3893,30805,C02679,5611,1
L-Glutamine,HMDB00641,5961,18050,C00064,5614,1
Galactosylsphingosine,HMDB00648,22833541,16874,C01747,5620,1
Chondroitin 4-sulfate,HMDB00652,53477710,37397,C00634,NA,1
Cholesterol sulfate,HMDB00653,65076,41321,C18043,5625,1
Heptanoic acid,HMDB00666,8094,45571,C17714,5636,1
Indolelactic acid,HMDB00671,92904,24813,C02043,5641,1
Hexadecanedioic acid,HMDB00672,10459,NA,C19615,5642,1
Linoleic acid,HMDB00673,5280450,17351,C01595,191,1
Indoxyl sulfate,HMDB00682,10258,43355,,524,1
L-Kynurenine,HMDB00684,161166,16946,C00328,72,1
L-Leucine,HMDB00687,6106,15603,C00123,24,1
L-2-Hydroxyglutaric acid,HMDB00694,439939,32797,C03196,5662,1
Ketoleucine,HMDB00695,70,48430,C00233,5663,1
L-Methionine,HMDB00696,6137,16643,C00073,5664,1
Hexanoylglycine,HMDB00701,99463,64390,,5669,1
Isoxanthopterin,HMDB00704,10729,16713,C03975,5672,1
4-Hydroxyphenylpyruvic acid,HMDB00707,979,15999,C01179,5675,1
Hippuric acid,HMDB00714,464,18089,C01586,1301,1
Isovaleric acid,HMDB00718,10430,28484,C08262,109,1
Glycylproline,HMDB00721,79101,356660,,5689,1
4-Hydroxyproline,HMDB00725,5810,18095,C01157,257,1
Isovalerylglutamic acid,HMDB00726,133383,NA,,5694,1
Cysteine-S-sulfate,HMDB00731,115015,27891,C05824,NA,1
Hydroxykynurenine,HMDB00732,89,1547,C02794,5700,1
Indoleacrylic acid,HMDB00734,15030923,NA,C00331,5702,1
Hydroxyphenylacetylglycine,HMDB00735,440732,28595,C05596,NA,1
Isobutyryl-L-carnitine,HMDB00736,10177002,NA,,5704,1
Indole,HMDB00738,798,16881,C00463,286,1
Hydroxyisocaproic acid,HMDB00746,83697,44510,,5714,1
Mesaconic acid,HMDB00749,638129,16600,C01732,4130,1
Glycogen,HMDB00757,439177,28087,C00182,160,1
Hydrocinnamic acid,HMDB00764,107,28631,C05629,4153,1
Nonadecanoic acid,HMDB00772,12591,39246,C16535,5738,1
N-Acetylgalactosamine 4-sulphate,HMDB00781,446101,NA,C16265,5747,1
Orotidine,HMDB00788,92751,15842,C01103,5754,1
N-Palmitoylsphingosine,HMDB00790,5353456,NA,,5756,1
L-Octanoylcarnitine,HMDB00791,11953814,18102,C02838,NA,1
Sebacic acid,HMDB00792,5192,41865,C08277,4240,1
Oenanthic ether,HMDB00798,7797,NA,,5763,1
Myristic acid,HMDB00806,11005,28875,C06424,196,1
N-Acetyl-L-aspartic acid,HMDB00812,65065,21547,C01042,5776,1
Phosphoglycolic acid,HMDB00816,529,17150,C00988,5780,1
Phenylacetylglycine,HMDB00821,68144,27480,C05598,4237,1
Propionylcarnitine,HMDB00824,107738,28867,C03017,5787,1
3'-Sialyllactose,HMDB00825,123914,NA,,5788,1
Pentadecanoic acid,HMDB00826,13849,NA,C16537,5789,1
Stearic acid,HMDB00827,5281,28842,C01530,189,1
N-Lignoceroylsphingosine,HMDB00831,5789754,NA,,5794,1
Capryloylglycine,HMDB00832,84290,NA,,5795,1
N-Glycolylneuraminic acid,HMDB00833,123802,62084,C03410,3580,1
Pentaporphyrin I,HMDB00839,NA,NA,C09541,5802,1
Formiminoglutamic acid,HMDB00854,439233,7274,C00439,5817,1
N-a-Acetylcitrulline,HMDB00856,11506771,49006,C15532,5819,1
Methylhippuric acid,HMDB00859,14566,468391,,5822,1
Phenylpropionylglycine,HMDB00860,152323,266653,,5823,1
Isopropyl alcohol,HMDB00863,3776,17824,C01845,4192,1
Ribonic acid,HMDB00867,5460677,21077,C01685,3290,1
Histamine,HMDB00870,774,18295,C00388,68,1
Tetradecanedioic acid,HMDB00872,13185,NA,C11002,5833,1
Trigonelline,HMDB00875,5570,18123,C01004,273,1
Tetrahydrodeoxycorticosterone,HMDB00879,101771,805752,C13713,5840,1
L-Valine,HMDB00883,6287,16414,C00183,5842,1
Undecanedioic acid,HMDB00888,15816,NA,,5846,1
Suberic acid,HMDB00893,10457,9300,C08278,4243,1
Vinylacetylglycine,HMDB00894,53477718,NA,,5851,1
Citrulline,HMDB00904,9750,16349,C00327,16,1
Tridecanoic acid,HMDB00910,12530,45919,C17076,5866,1
Succinyladenosine,HMDB00912,20849086,15422,,5867,1
Vanillactic acid,HMDB00913,160637,1240674,,5868,1
Pyridine,HMDB00926,1049,16227,C00747,5877,1
L-Tryptophan,HMDB00929,6305,16828,C00078,5879,1
Traumatic acid,HMDB00933,5283028,545687,C16308,5882,1
Uridine diphosphate glucuronic acid,HMDB00935,17473,17200,C00167,5884,1
S-Adenosylhomocysteine,HMDB00939,439155,16680,C00021,296,1
Behenic acid,HMDB00944,8215,28941,C08281,260,1
Tetrahydrocortisol,HMDB00949,44725717,NA,C05472,1914,1
Cer(d18:1/23:0),HMDB00950,52931115,NA,,5896,1
Taurochenodesoxycholic acid,HMDB00951,387316,16525,C05465,5897,1
trans-Ferulic acid,HMDB00954,445858,17620,C01494,4156,1
Tartaric acid,HMDB00956,444305,15671,C00898,4197,1
Pyrocatechol,HMDB00957,289,18135,C00090,282,1
Tiglylglycine,HMDB00959,6441567,NA,,4246,1
Farnesyl pyrophosphate,HMDB00961,445713,17407,C00448,403,1
Lipoamide,HMDB00962,863,17460,C00248,3372,1
Hypotaurine,HMDB00965,107812,16668,C00519,281,1
"1D-Myo-inositol 1,4-bisphosphate",HMDB00968,NA,17816,C01220,5911,1
"1,25-Dihydroxyvitamin D3-26,23-lactone",HMDB00969,6438368,NA,,NA,1
10-Formyltetrahydrofolate,HMDB00972,122347,15637,C00234,5912,1
DL-2-Aminooctanoic acid,HMDB00991,69522,NA,,5923,1
3-Sulfinoalanine,HMDB00996,439270,41721,C00606,5927,1
dCTP,HMDB00998,65091,16311,C00458,5929,1
Phosphoribosylformylglycineamidine,HMDB00999,440417,18413,C04640,5930,1
dUDP,HMDB01000,145729,28850,C01346,5931,1
Adenosine phosphosulfate,HMDB01003,10238,17709,C00224,5933,1
Biliverdin,HMDB01008,5353439,17033,C00500,5938,1
Methacrylyl-CoA,HMDB01011,440021,27754,C03460,5941,1
4-Imidazolone-5-propionic acid,HMDB01014,128,27384,C03680,319,1
D-4'-Phosphopantothenate,HMDB01016,131,15905,C03492,3427,1
UDP-D-Xylose,HMDB01018,439179,16082,C00190,5948,1
Phosphohydroxypyruvic acid,HMDB01024,105,30933,C03232,484,1
Deoxyribose 5-phosphate,HMDB01031,45934311,16132,C00673,5956,1
Dehydroepiandrosterone sulfate,HMDB01032,12594,16814,C04555,4095,1
Angiotensin III,HMDB01036,3082042,1183270,C15848,NA,1
Angiotensin IV,HMDB01038,123814,528953,C15849,NA,1
Arachidonic acid,HMDB01043,444899,15843,C00219,193,1
"D-Fructose 2,6-bisphosphate",HMDB01047,105021,28602,C00665,5964,1
Gamma-Glutamylcysteine,HMDB01049,123938,17515,C00669,5966,1
(S)-3-Hydroxyisobutyryl-CoA,HMDB01052,88,28259,C06000,453,1
Dolichyl b-D-glucosyl phosphate,HMDB01054,22833557,15812,C01246,5969,1
Dihydrofolic acid,HMDB01056,98792,15633,C00415,5970,1
"Fructose 1,6-bisphosphate",HMDB01058,172313,16905,C00354,147,1
"Inositol 1,3,4,5-tetraphosphate",HMDB01059,107758,16783,C01272,5973,1
Ubiquinol 8,HMDB01060,22833558,NA,,5974,1
N-Acetyl-D-Glucosamine 6-Phosphate,HMDB01062,440996,15784,C00357,5975,1
S-Lactoylglutathione,HMDB01066,440018,15694,C03451,5979,1
N-Acetylaspartylglutamic acid,HMDB01067,5255,200472,C12270,NA,1
D-Sedoheptulose 7-phosphate,HMDB01068,22833559,15721,C00281,5980,1
2-Phenylaminoadenosine,HMDB01069,1585,NA,,5981,1
4-Aminobutyraldehyde,HMDB01080,118,17769,C00555,3225,1
D-1-Piperideine-2-carboxylic acid,HMDB01084,1194,30912,C04092,5992,1
Leukotriene B4,HMDB01085,5280492,15647,C02165,406,1
Butyryl-CoA,HMDB01088,265,57371,C00136,5996,1
(S)-5-Diphosphomevalonic acid,HMDB01090,439418,15899,C01143,5997,1
Octaprenyl diphosphate,HMDB01094,5280651,16275,C04146,6000,1
GDP-L-fucose,HMDB01095,439211,17009,C00325,6001,1
Carbamoyl phosphate,HMDB01096,278,17672,C00169,6002,1
Protoporphyrinogen IX,HMDB01097,121893,15435,C01079,6003,1
Isovaleryl-CoA,HMDB01113,439855,15487,C02939,451,1
N-Methylformamide,HMDB01122,31254,7438,C11489,NA,1
2-Aminobenzoic acid,HMDB01123,227,30754,C00108,6018,1
Inositol cyclic phosphate,HMDB01125,122331,18426,C04299,6020,1
Nornicotine,HMDB01126,412,270347,C06524,1534,1
5-Phosphoribosylamine,HMDB01128,439905,37737,C03090,6023,1
Phosphoadenosine phosphosulfate,HMDB01134,10214,17980,C00053,6028,1
Hydroxymethylbilane,HMDB01137,788,16645,C01024,3699,1
N-Acetylglutamic acid,HMDB01138,185,12575,C00624,6031,1
Prostaglandin F2a,HMDB01139,5283078,15553,C00639,6032,1
Octanal,HMDB01140,454,17935,C01545,6033,1
"Inositol 1,3,4-trisphosphate",HMDB01143,439455,18228,C01243,6035,1
Diadenosine triphosphate,HMDB01155,14464643,27775,C06197,NA,1
Tricosanoic acid,HMDB01160,17085,42394,,4211,1
Guanosine diphosphate mannose,HMDB01163,18396,15820,C00096,6045,1
"trans-1,2-Dihydrobenzene-1,2-diol",HMDB01164,149186,10702,C04221,6046,1
Pyruvaldehyde,HMDB01167,880,17158,C00546,6049,1
4-Aminophenol,HMDB01169,403,17602,C02372,6051,1
5'-Methylthioadenosine,HMDB01173,439176,17509,C00170,3425,1
Cytidine monophosphate N-acetylneuraminic acid,HMDB01176,448209,16556,C00128,6057,1
Adenosine diphosphate ribose,HMDB01178,192,16960,C00301,6059,1
Nicotinic acid adenine dinucleotide,HMDB01179,165491,18304,C00857,4234,1
N2-Succinyl-L-glutamic acid 5-semialdehyde,HMDB01180,440848,27657,C05932,6061,1
S-Adenosylmethionine,HMDB01185,16757548,15414,C00019,6064,1
N1-Acetylspermine,HMDB01186,916,17312,C02567,3369,1
Indoleacetaldehyde,HMDB01190,800,18086,C00637,6068,1
Deoxyuridine triphosphate,HMDB01191,65070,17625,C00460,6069,1
Leukotriene C4,HMDB01198,5280493,16978,C02166,3681,1
dCMP,HMDB01202,13945,15918,C00239,6078,1
Acetyl-CoA,HMDB01206,444493,15351,C00024,6082,1
Diadenosine tetraphosphate,HMDB01211,21706,17422,C01260,NA,1
Coumarin,HMDB01218,323,28794,C05851,3525,1
Prostaglandin E2,HMDB01220,5280360,15551,C00584,6089,1
5-Thymidylic acid,HMDB01227,9700,17013,C00364,6092,1
L-Glutamic acid 5-phosphate,HMDB01228,193475,17798,C03287,6093,1
Dopaquinone,HMDB01229,439316,16852,C00822,354,1
27-Deoxy-5b-cyprinol,HMDB01231,193321,17278,C05446,6095,1
5-Aminoimidazole ribonucleotide,HMDB01235,161500,28843,C03373,6097,1
Pseudooxynicotine,HMDB01240,434,37753,,6100,1
2-Aminomuconic acid,HMDB01241,5280499,15745,C02220,321,1
dCDP,HMDB01245,150855,28846,C00705,6105,1
FAD,HMDB01248,643975,16238,C00016,6106,1
Glucosamine 6-phosphate,HMDB01254,439217,15873,C00352,6111,1
Maltotriose,HMDB01262,439586,NA,C01835,3585,1
Allysine,HMDB01263,207,17027,C01475,6118,1
Dehydroascorbic acid,HMDB01264,210328,17242,C00425,342,1
Fucose 1-phosphate,HMDB01265,439871,28319,C02985,6120,1
Nicotine glucuronide,HMDB01272,3035848,63860,,6127,1
Guanosine triphosphate,HMDB01273,6830,15996,C00044,6128,1
dTDP,HMDB01274,164628,18075,C00363,6129,1
Propionyl-CoA,HMDB01275,439164,15539,C00100,6130,1
N1-Acetylspermidine,HMDB01276,496,17927,C00612,3323,1
Presqualene diphosphate,HMDB01278,5280592,15442,C03428,6132,1
Diadenosine hexaphosphate,HMDB01282,123694,63689,C20190,NA,1
"2,3-Diphosphoglyceric acid",HMDB01294,186004,17720,C01159,153,1
1-Pyrroline-5-carboxylic acid,HMDB01301,1196,1372,C04322,6145,1
5'-Phosphoribosyl-N-formylglycinamide,HMDB01308,130805,NA,C04376,NA,1
Diadenosine diphosphate,HMDB01312,188326,NA,,NA,1
6-Phosphogluconic acid,HMDB01316,91493,48928,C00345,367,1
4-Methylpentanal,HMDB01318,129,17998,C02373,6155,1
D-Erythrose 4-phosphate,HMDB01321,122357,48153,C00279,6158,1
"N6,N6,N6-Trimethyl-L-lysine",HMDB01325,440120,17311,C03793,6161,1
dTDP-D-glucose,HMDB01328,439324,35248,C00842,6163,1
Leukotriene A4,HMDB01337,5280383,15651,C00909,3449,1
ADP,HMDB01341,6022,16761,C00008,6175,1
Thymidine 5'-triphosphate,HMDB01342,64968,18077,C00459,NA,1
GDP-4-Dehydro-6-deoxy-D-mannose,HMDB01346,439446,16955,C01222,6180,1
Hydroxypyruvic acid,HMDB01352,964,30841,C00168,482,1
Parathion,HMDB01355,991,27928,C06604,NA,1
2-Methyl-3-hydroxybutyryl-CoA,HMDB01356,440326,15449,C04405,6186,1
Retinal,HMDB01358,638015,17898,C00376,6188,1
Adenosine tetraphosphate,HMDB01364,14003,18334,C03483,6191,1
3-Mercaptopyruvic acid,HMDB01368,98,16208,C00957,6195,1
Thiamine pyrophosphate,HMDB01372,1132,9532,C00068,2832,1
Dephospho-CoA,HMDB01373,439335,15468,C00882,3689,1
3-Hydroxy-3-methylglutaryl-CoA,HMDB01375,439218,15467,C00356,6201,1
Diguanosine pentaphosphate,HMDB01380,5327071,NA,,NA,1
Sphinganine 1-phosphate,HMDB01383,644260,16893,C01120,3512,1
N-Methylphenylethanolamine,HMDB01387,913,16913,C03711,6207,1
Alpha-Linolenic acid,HMDB01388,5280934,27432,C06427,6208,1
Melatonin,HMDB01389,896,16796,C01598,73,1
5-Methyltetrahydrofolic acid,HMDB01396,439234,15641,C00440,6215,1
Guanosine monophosphate,HMDB01397,6804,17345,C00144,6216,1
Niacinamide,HMDB01406,936,17154,C00153,1497,1
dUMP,HMDB01409,65063,17622,C00365,6225,1
"2-Amino-4-oxo-6-(1',2'-dioxoprolyl)-7,8-dihydroxypteridine",HMDB01410,440598,NA,C05255,NA,1
"7,8-Dihydropteroic acid",HMDB01412,170,4581,C00921,6228,1
Citicoline,HMDB01413,13804,16436,C00307,6229,1
Pantetheine 4'-phosphate,HMDB01416,987,16858,C01134,NA,1
24-Hydroxycholesterol,HMDB01419,121948,34310,C13550,NA,1
Coenzyme A,HMDB01423,6816,1146900,C00010,6235,1
4-(3-Pyridyl)-3-butenoic acid,HMDB01424,5478892,NA,,6236,1
Pyridoxamine,HMDB01431,1052,16410,C00534,238,1
3-Methoxytyrosine,HMDB01434,1670,NA,,NA,1
Phosphoribosyl formamidocarboxamide,HMDB01439,166760,18381,C04734,6247,1
Allopregnanolone,HMDB01449,92786,50169,C13712,NA,1
(R)-lipoic acid,HMDB01451,6112,30314,C00725,126,1
"5-b-Cholestane-3a ,7a ,12a-triol",HMDB01457,160520,16496,C05454,6254,1
Diethylthiophosphate,HMDB01460,655,NA,C06607,6256,1
Guanosine pentaphosphate adenosine,HMDB01472,6852180,NA,,NA,1
Dihydroxyacetone phosphate,HMDB01473,668,16108,C00111,6262,1
3-Hydroxyanthranilic acid,HMDB01476,86,15793,C00632,3275,1
NADH,HMDB01487,928,16908,C00004,3687,1
Nicotinic acid,HMDB01488,938,15940,C00253,6272,1
Vanylglycol,HMDB01490,10805,846276,C05594,6274,1
Pyridoxal 5'-phosphate,HMDB01491,1051,18405,C00018,6275,1
3-Methylcrotonyl-CoA,HMDB01493,439869,15486,C03069,6277,1
Acetylphosphate,HMDB01494,186,15350,C00227,6278,1
Benzene,HMDB01505,241,16716,C01407,6285,1
dADP,HMDB01508,53477733,16174,C00206,6286,1
Bupropion,HMDB01510,444,3219,C06860,1435,1
Phosphocreatine,HMDB01511,587,17287,C02305,6288,1
Dolichyl diphosphate,HMDB01513,5462166,15750,C00621,6290,1
Glucosamine,HMDB01514,439213,5417,C00329,266,1
AICAR,HMDB01517,65110,18406,C04677,6294,1
Alpha-CEHC,HMDB01518,9943542,626842,,NA,1
Flavin Mononucleotide,HMDB01520,643976,17621,C00061,6295,1
Imidazole,HMDB01525,795,16069,C01589,4190,1
S-Acetyldihydrolipoamide,HMDB01526,1076,16807,C01136,6299,1
3-Methylthiopropionic acid,HMDB01527,563,1438,C08276,6300,1
Deoxyadenosine triphosphate,HMDB01532,15993,16284,C00131,6303,1
"5,10-Methylene-THF",HMDB01533,439175,15636,C00143,6304,1
5-Formiminotetrahydrofolic acid,HMDB01534,530,15639,C00664,6305,1
Formamide,HMDB01536,713,16397,C00488,4182,1
N-Acetyllactosamine,HMDB01542,439271,16153,C00611,4231,1
Pyridoxal,HMDB01545,1050,17310,C00250,6312,1
CDP,HMDB01546,6132,17239,C00112,6313,1
Palmitaldehyde,HMDB01551,984,17600,C00517,6317,1
2-Keto-glutaramic acid,HMDB01552,48,30882,C00940,6318,1
Xanthylic acid,HMDB01554,73323,15652,C00655,NA,1
Riboflavin reduced,HMDB01557,22833571,NA,C01007,6322,1
CDP-Ethanolamine,HMDB01564,123727,16732,C00570,3538,1
Phosphorylcholine,HMDB01565,1014,18132,C00588,6326,1
3-Methylguanine,HMDB01566,76292,27564,C02230,NA,1
Phenylglyoxylic acid,HMDB01587,11915,18280,C02137,NA,1
Acetone,HMDB01659,180,15347,C00207,3745,1
Progesterone,HMDB01830,5994,17026,C00410,402,1
Tetrahydrofolic acid,HMDB01846,91443,20506,C00101,714,1
Caffeine,HMDB01847,2519,27732,C07481,1455,1
Verapamil,HMDB01850,2520,9948,C07188,3009,1
L-Arabitol,HMDB01851,439255,18403,C00532,141,1
All-trans-retinoic acid,HMDB01852,444795,15367,C00777,2277,1
p-Cresol,HMDB01858,2879,17847,C01468,4236,1
Acetaminophen,HMDB01859,1983,46195,,6353,1
"3,4-Dihydroxymandelic acid",HMDB01866,85782,27637,C05580,696,1
Benzoic acid,HMDB01870,243,30746,C00180,1297,1
Methanol,HMDB01875,887,17790,C00132,4201,1
Acetylcysteine,HMDB01890,12035,28939,C06809,784,1
Alpha-Tocopherol,HMDB01893,14985,18145,C02477,6376,1
5-Methoxytryptophol,HMDB01896,12835,114833,,NA,1
Mesobilirubinogen,HMDB01898,26818,29026,C05790,NA,1
Pteroyltriglutamic acid,HMDB01902,6968,554079,,6381,1
Calcitriol,HMDB01903,5280453,17823,C01673,6382,1
19-Hydroxy-PGE2,HMDB01908,5283038,NA,,NA,1
Azythromycin,HMDB01916,53477736,NA,C06838,NA,1
Digoxin,HMDB01917,2724385,4551,C06956,2047,1
Famotidine,HMDB01919,3325,4975,C00025,2652,1
Dextromethorphan,HMDB01920,5362449,4470,C06947,NA,1
Clotrimazole,HMDB01922,2812,3764,C06922,1897,1
Ibuprofen,HMDB01925,3672,5855,C01588,572,1
Gamma-CEHC,HMDB01931,15887183,NA,,NA,1
Pseudoephedrine,HMDB01943,7028,51209,C02765,2189,1
Gamma-Aminobutyryl-lysine,HMDB01959,23208897,NA,,6403,1
Finasteride,HMDB01984,57363,5062,D00321,NA,1
4-Hydroxycyclohexylcarboxylic acid,HMDB01988,151138,16817,,NA,1
7a-Hydroxy-cholestene-3-one,HMDB01993,123743,17899,C05455,6419,1
Eicosapentaenoic acid,HMDB01999,446284,28364,C06428,6423,1
Tetracosanoic acid,HMDB02003,11197,28866,C08320,6427,1
Methionine sulfoxide,HMDB02005,847,49033,,6428,1
Tetracosahexaenoic acid,HMDB02007,11792612,NA,,6430,1
Crotonoyl-CoA,HMDB02009,5280381,15473,C00877,440,1
Ubiquinone-1,HMDB02012,4462,16389,C00399,6435,1
Fructosamine,HMDB02030,20484,24103,,NA,1
N(6)-Methyllysine,HMDB02038,164795,17604,C02728,NA,1
2-Pyrrolidinone,HMDB02039,12025,36592,C11118,6452,1
5-Phenylvaleric acid,HMDB02043,16757,NA,,6456,1
Hyaluronic acid,HMDB02061,53477741,NA,C00518,NA,1
Heptacosanoic acid,HMDB02063,23524,NA,,6466,1
N-Acetylputrescine,HMDB02064,122356,17768,C02714,3252,1
6-Lactoyltetrahydropterin,HMDB02065,169508,17248,C04244,6468,1
Bisnorcholic acid,HMDB02082,9547705,NA,,NA,1
N-Oleoylethanolamine,HMDB02088,5283454,116103,,NA,1
Itaconic acid,HMDB02092,811,30838,C00490,6483,1
Malonylcarnitine,HMDB02095,22833583,NA,,6484,1
6-Methyladenine,HMDB02099,67955,28871,C08434,NA,1
Carnosol,HMDB02121,442009,468005,C09069,NA,1
3-Mercaptolactic acid,HMDB02127,160645,NA,C05823,6499,1
Aminoacetone,HMDB02134,215,17906,C01888,6502,1
S-(3-oxo-3-carboxy-n-propyl)cysteine,HMDB02135,21252272,NA,,6503,1
Phosphoric acid,HMDB02142,1004,26078,C00009,NA,1
5-Methyltetrahydropteroylpentaglutamate,HMDB02148,193793,NA,,6511,1
Dimethyl sulfoxide,HMDB02151,679,28262,C11143,3985,1
"3a,20b-Pregnanediol",HMDB02156,120059,NA,,6515,1
27-Norcholestanehexol,HMDB02157,196302,NA,,NA,1
Docosahexaenoic acid,HMDB02183,445580,28125,C06429,3457,1
"5,6-Epoxy-8,11,14-eicosatrienoic acid",HMDB02190,5283202,34450,C14768,NA,1
N-Carboxyethyl-g-aminobutyric acid,HMDB02201,2572,NA,,6542,1
3-Hydroxycapric acid,HMDB02203,26612,NA,,6544,1
L-Homocysteic acid,HMDB02205,177491,488363,C16511,6545,1
Molybdopterin,HMDB02206,23304237,21437,C05924,6546,1
Uroporphyrinogen I,HMDB02211,440775,28766,C05766,6550,1
Arachidic acid,HMDB02212,10467,28822,C06425,401,1
Adrenic acid,HMDB02226,5497181,53487,C16527,6560,1
Nonacosanoic acid,HMDB02230,20245,NA,,4214,1
Eicosenoic acid,HMDB02231,5282768,32425,C16526,6563,1
Gamma glutamyl ornithine,HMDB02248,189156,NA,,6571,1
Heptadecanoic acid,HMDB02259,10465,32365,,6578,1
"14,15-DiHETrE",HMDB02265,5283147,63966,C14775,NA,1
"2,3-Dinor-6-keto-prostaglandin F1 a",HMDB02277,53477747,NA,,NA,1
N-Acetylcadaverine,HMDB02284,189087,NA,,NA,1
5-cis-8-cis-Tetradecadienoyl-CoA,HMDB02288,21252281,NA,,6595,1
Resolvin D2,HMDB02294,16061136,NA,,NA,1
Leukotriene B4 ethanolamide,HMDB02304,5283127,NA,,NA,1
Hydrochloric acid,HMDB02306,313,17883,C01327,NA,1
"8,9-DiHETrE",HMDB02311,5283144,63970,C14773,NA,1
Imidazolelactic acid,HMDB02320,459122,27487,C05132,6617,1
"1,11-Undecanedicarboxylic acid",HMDB02327,10458,NA,,6622,1
Oxalic acid,HMDB02329,971,16995,C00209,113,1
Benzoquinoneacetic acid,HMDB02334,21252288,NA,,6628,1
Aspartyl-L-proline,HMDB02335,170612,NA,,6629,1
Octacosanoic acid,HMDB02348,10470,31001,,6638,1
Capsidiol,HMDB02352,161937,28283,C09627,NA,1
Hawkinsin,HMDB02354,173909,NA,,6641,1
Hexacosanoic acid,HMDB02356,10469,31009,,6642,1
Pentacosanoic acid,HMDB02361,10468,39420,,4209,1
Tiglylcarnitine,HMDB02366,22833596,NA,,6648,1
Solanesyl-PP,HMDB02367,21252289,NA,C17438,6649,1
Nervonic acid,HMDB02368,5281120,44247,C08323,262,1
"4,6-Dimethylnonanoic acid",HMDB02373,13628864,63864,,NA,1
Tricrocin,HMDB02376,22833598,NA,,NA,1
Stearaldehyde,HMDB02384,12533,17034,C01838,NA,1
Crocin,HMDB02398,5281233,584345,C08589,NA,1
"(3a,5b)-24-oxo-24-[(2-sulfoethyl)amino]cholan-3-yl-b-D-Glucopyranosiduronic acid",HMDB02429,53477751,NA,,6677,1
Hydroquinone,HMDB02434,785,17594,C00530,6681,1
Glycochenodeoxycholate-3-sulfate,HMDB02497,21125002,NA,,6702,1
Lithocholate 3-O-glucuronide,HMDB02513,126511,NA,C03033,6706,1
Glycochenodeoxycholic acid 3-glucuronide,HMDB02579,53477753,NA,C03033,6715,1
Taurocholic acid 3-sulfate,HMDB02581,53477754,NA,,6717,1
Deoxycholic acid 3-glucuronide,HMDB02596,53477755,NA,C03033,6721,1
Sulfolithocholylglycine,HMDB02639,53477756,NA,C11301,6725,1
"N-[(3a,5b,7a,12a)-3,12-dihydroxy-24-oxo-7-(sulfooxy)cholan-24-yl]-Glycine",HMDB02640,21252317,NA,,6726,1
Prostaglandin E3,HMDB02664,5280937,28031,C06439,3494,1
Thiamine monophosphate,HMDB02666,3382778,37574,C01081,3488,1
Prostaglandin F1a,HMDB02685,5280939,28852,C06475,3503,1
Cyanidin,HMDB02708,68247,604446,C05905,3413,1
1-Methylinosine,HMDB02721,65095,19065,,3780,1
Nandrolone,HMDB02725,9904,7466,C07254,1434,1
Fucoxanthin,HMDB02741,5364094,5186,C08596,3685,1
Prostaglandin A2,HMDB02752,22833602,NA,C05953,3465,1
Cysteic acid,HMDB02757,25701,21260,C00506,332,1
Androsterone sulfate,HMDB02759,159663,NA,C04555,3559,1
Catechin,HMDB02780,9064,15600,C06562,3419,1
LysoPC(18:1(9Z)),HMDB02815,16081932,NA,C04230,184,1
Methylimidazoleacetic acid,HMDB02820,75810,NA,C05828,3774,1
Androsterone glucuronide,HMDB02829,114833,28832,C11135,2796,1
Cetoleic acid,HMDB02884,5282771,32428,,261,1
6-Keto-prostaglandin F1a,HMDB02886,5280888,28158,C05961,6782,1
"3-cis-Hydroxy-b,e-Caroten-3'-one",HMDB02890,53477759,NA,,NA,1
5-Methylcytosine,HMDB02894,65040,27551,C02376,3247,1
Ellagic acid,HMDB02899,5281855,4775,C10788,3430,1
"8,11,14-Eicosatrienoic acid",HMDB02925,5280581,53486,C03242,259,1
"Vitamin K1 2,3-epoxide",HMDB02972,5280845,177881,C05849,3030,1
Aniline,HMDB03012,6115,17296,C00292,489,1
Neoxanthin,HMDB03020,5281247,25501,C08606,3673,1
Ergothioneine,HMDB03045,5351619,4828,C05570,53,1
"(9-cis,9'-cis)-7,7',8,8'-Tetrahydro-y,y-Carotene",HMDB03063,6440490,48716,C15857,NA,1
Biocytin,HMDB03134,83814,27870,C05552,NA,1
Retinoyl b-glucuronide,HMDB03141,5281877,28870,C11061,2280,1
"2,3-Butanediol",HMDB03156,262,62064,C00265,104,1
Petunidin,HMDB03173,73386,NA,C08727,3447,1
Heme,HMDB03178,NA,17627,C00032,3680,1
Cortol,HMDB03180,246873,NA,C05482,3174,1
5-Aminoimidazole-4-carboxamide,HMDB03192,9679,2030,C04051,629,1
Testosterone glucuronide,HMDB03193,108192,28835,C11134,2794,1
Raffinose,HMDB03213,10542,397485,C00492,138,1
Sedoheptulose,HMDB03219,102926,130460,C02076,3344,1
Deoxyribose,HMDB03224,22833604,28816,C01801,3258,1
Palmitoleic acid,HMDB03229,445638,28716,C08362,188,1
Prostaglandin G2,HMDB03235,5280883,27647,C05956,3508,1
Dihydrocortisol,HMDB03259,164838,NA,C05471,3173,1
Hesperidin,HMDB03265,53477767,28775,C09755,3678,1
Nicotinuric acid,HMDB03269,68499,7563,C05380,1499,1
Cyclohexanone,HMDB03315,7967,17854,C00414,NA,1
1-Methyladenosine,HMDB03331,27476,16020,C02494,6888,1
Oxidized glutathione,HMDB03337,975,17858,C00127,6893,1
Hydroxylamine,HMDB03338,787,15429,C00192,6894,1
GDP-glucose,HMDB03351,644106,62254,C00394,6900,1
N-Acetylornithine,HMDB03357,439232,16543,C00437,NA,1
Quinone,HMDB03364,4650,16509,C00472,6905,1
2-Phospho-D-glyceric acid,HMDB03391,439278,17835,C00631,6915,1
Diacetyl,HMDB03407,650,16583,C00741,6921,1
Pantetheine,HMDB03426,479,16753,C00831,6928,1
L-Histidinol,HMDB03431,165271,16255,C00860,3267,1
"3-Hydroxy-b,e-caroten-3'-one",HMDB03448,5471692,NA,,NA,1
D-Alanyl-D-alanine,HMDB03459,5460362,16576,C00993,6937,1
4-Guanidinobutanoic acid,HMDB03464,500,15728,C01035,6938,1
"3,5-Diiodo-L-tyrosine",HMDB03474,9305,15768,C01060,6940,1
O-Phosphohomoserine,HMDB03484,151187,15961,C01102,NA,1
"3a,7a,12a-Trihydroxy-5b-cholestan-26-al",HMDB03533,439479,16466,C01301,NA,1
dIDP,HMDB03536,439488,28823,C01344,NA,1
2'-Deoxyinosine triphosphate,HMDB03537,146302,28807,C01345,NA,1
Butanal,HMDB03543,261,15743,C01412,6947,1
Stachyose,HMDB03553,439531,17164,C01613,6951,1
Chitobiose,HMDB03556,22833609,NA,C01674,6953,1
Rosmarinic acid,HMDB03572,5281792,50371,C01850,6960,1
Dethiobiotin,HMDB03581,445027,42280,C01909,3351,1
Taurocyamine,HMDB03584,68340,17228,C01959,6962,1
Retinyl ester,HMDB03598,5460164,545914,C02075,6966,1
(S)-Reticuline,HMDB03601,439653,16718,C02105,6967,1
2-Aminoacrylic acid,HMDB03609,123991,17123,C02218,NA,1
Perillyl aldehyde,HMDB03647,16441,15421,C02576,NA,1
Retinyl palmitate,HMDB03648,5280531,17616,C02588,6970,1
4-Coumaryl alcohol,HMDB03654,5280535,64555,C02646,6971,1
Alpha-Pinene-oxide,HMDB03667,91508,29060,C02759,6974,1
4-Acetamidobutanoic acid,HMDB03681,18189,17645,C02946,NA,1
(2E)-Dodecenoyl-CoA,HMDB03712,45266564,57330,C03221,NA,1
Glutamylalanine,HMDB03764,100098,742905,,NA,1
Cholesteryl acetate,HMDB03822,6427285,NA,C02530,NA,1
Phosphoroselenoic acid ,HMDB03840,1092,29269,C05172,NA,1
1-Phosphatidyl-1D-myo-inositol 3-phosphate,HMDB03850,6857403,17283,C04549,6985,1
13-L-Hydroperoxylinoleic acid,HMDB03871,5280720,15655,C04717,NA,1
"3a,7a,12a-Trihydroxy-5b-cholestanoic acid",HMDB03873,23657849,48043,C04722,6986,1
"N1-(5-Phospho-a-D-ribosyl)-5,6-dimethylbenzimidazole",HMDB03882,444941,16837,C04778,NA,1
7-Dehydrodesmosterol,HMDB03896,440558,27910,C05107,NA,1
2-Hydroxyethanesulfonate,HMDB03903,7866,1157,C05123,6987,1
2-(a-Hydroxyethyl)thiamine diphosphate,HMDB03904,440568,978,C05125,NA,1
Imidazole-4-acetaldehyde,HMDB03905,150841,27398,C05130,NA,1
Protopine,HMDB03920,4970,16415,C05189,6988,1
5-Aminoimidazole,HMDB03929,484,16607,C05239,6989,1
3-Oxotetradecanoyl-CoA,HMDB03935,11966197,28726,C05261,NA,1
3-Oxododecanoyl-CoA,HMDB03937,440604,27868,C05263,NA,1
(S)-Hydroxydecanoyl-CoA,HMDB03938,16061159,28325,C05264,NA,1
3-Oxodecanoyl-CoA,HMDB03939,440606,28528,C05265,NA,1
3-Oxooctanoyl-CoA,HMDB03941,440608,28264,C05267,NA,1
3-Oxohexanoyl-CoA,HMDB03943,440610,27648,C05269,NA,1
trans-2-Hexenoyl-CoA,HMDB03944,5280765,28706,C05271,NA,1
Selenomethionine,HMDB03966,15103,27585,C05335,6993,1
Oxalosuccinic acid,HMDB03974,972,7815,C05379,6996,1
D-Glucuronic acid 1-phosphate,HMDB03976,440650,35145,C05385,NA,1
11-Dehydrocorticosterone,HMDB04029,13783449,NA,C05490,7003,1
11b-Hydroxyprogesterone,HMDB04031,44263342,NA,C05498,7005,1
Adipoyl-CoA,HMDB04047,9543333,34528,C14143,NA,1
Metanephrine,HMDB04063,21100,144365,C05588,65,1
Melanin,HMDB04068,6325610,NA,C05606,7011,1
4-Hydroxystyrene,HMDB04072,62453,1883,C05627,7012,1
5-Hydroxykynurenamine,HMDB04076,164719,28715,C05638,NA,1
"4,6-Dihydroxyquinoline",HMDB04077,440738,28799,C05639,NA,1
Anandamide,HMDB04080,5281969,2700,C11695,NA,1
6-Hydroxymelatonin,HMDB04081,1864,308079,C05643,7013,1
"4-(2-Amino-3-hydroxyphenyl)-2,4-dioxobutanoic acid",HMDB04083,440741,NA,C05645,NA,1
5-Hydroxy-N-formylkynurenine,HMDB04086,440744,2065,C05648,NA,1
5-Methoxyindoleacetate,HMDB04096,18986,235589,C05660,7016,1
Poly-g-D-glutamate,HMDB04135,53477778,NA,C05723,NA,1
D-Threitol,HMDB04136,169019,48300,C16884,NA,1
D-Urobilinogen,HMDB04158,440784,NA,C05791,7021,1
5-L-Glutamyl-taurine,HMDB04195,68759,NA,C05844,NA,1
Biotinyl-5'-AMP,HMDB04220,440839,NA,C05921,NA,1
Pyrrole-2-carboxylic acid,HMDB04230,12473,36751,C05942,3787,1
Pantothenol,HMDB04231,4678,895821,C05944,7032,1
"Phosphatidylinositol-3,4,5-trisphosphate",HMDB04249,NA,16618,C05981,NA,1
3Z-dodecenoyl-CoA,HMDB04257,16061154,NA,C02944,NA,1
Acetyl-N-formyl-5-methoxykynurenamine,HMDB04259,171161,NA,C05642,NA,1
Tyrosol,HMDB04284,10393,1879,C06044,7044,1
Acrylamide,HMDB04296,6579,28619,C01659,NA,1
1-Butanol,HMDB04327,263,28885,C06142,7052,1
4-Hydroxynonenal,HMDB04362,5283344,58968,,NA,1
Estradiol-17beta 3-sulfate,HMDB04448,53477783,4866,C08357,NA,1
Benzamide,HMDB04461,2331,28179,C09815,NA,1
Estrone glucuronide,HMDB04483,115255,28919,C11133,7063,1
(+)-(S)-Carvone,HMDB04487,16724,15399,C11383,NA,1
Perillic acid,HMDB04586,1256,36999,C11924,NA,1
S-(Hydroxymethyl)glutathione,HMDB04662,447123,48926,C14180,7068,1
Alpha-dimorphecolic acid,HMDB04670,5312830,34496,C14767,NA,1
11(R)-HPETE,HMDB04696,9548886,34127,C14820,NA,1
"9,10-Epoxyoctadecenoic acid",HMDB04701,6246154,NA,C14825,NA,1
"12,13-DHOME",HMDB04705,10236635,NA,C14829,NA,1
"9,10,13-TriHOME",HMDB04710,14968868,NA,C14835,NA,1
4-Heptanone,HMDB04814,31246,NA,,7078,1
Lanthionine ketimine,HMDB04823,134340,NA,,7085,1
Galabiosylceramide (d18:1/9Z-18:1),HMDB04832,20057273,NA,C06126,7091,1
Galabiosylceramide (d18:1/18:0),HMDB04834,20057275,NA,C06126,7093,1
Ceramide (d18:1/9Z-18:1),HMDB04948,5283563,NA,C00195,7201,1
Ceramide (d18:1/16:0),HMDB04949,5283564,150539,C00195,7202,1
Ceramide (d18:1/18:0),HMDB04950,5283565,NA,C00195,7203,1
Ceramide (d18:1/20:0),HMDB04951,5283566,NA,C00195,7204,1
Ceramide (d18:1/22:0),HMDB04952,5283567,NA,C00195,7205,1
Cer(d18:1/24:1(15Z)),HMDB04953,5283568,NA,C00195,7206,1
Ceramide (d18:1/24:0),HMDB04956,5283571,NA,C00195,7209,1
Ceramide (d18:1/25:0),HMDB04957,9547202,NA,C00195,7210,1
Glucosylceramide (d18:1/9Z-18:1),HMDB04970,20057355,NA,C01190,7223,1
Glucosylceramide (d18:1/16:0),HMDB04971,14035030,NA,C01190,7224,1
Glucosylceramide (d18:1/20:0),HMDB04973,20057356,NA,C01190,7226,1
Glucosylceramide (d18:1/22:0),HMDB04974,10373084,62107,C01190,7227,1
Glucosylceramide (d18:1/24:1(15Z)),HMDB04975,20057357,NA,C01190,7228,1
Glucosylceramide (d18:1/24:0),HMDB04978,6321361,NA,,7231,1
cis-4-Decenoic acid,HMDB04980,5312351,32380,,7233,1
m-Tyramine,HMDB04989,11492,341165,,7240,1
Guaifenesin,HMDB04998,3516,200157,,4057,1
Gabapentin,HMDB05015,3446,NA,,2989,1
Risperidone,HMDB05020,5073,8871,C06861,2348,1
Quetiapine,HMDB05021,5002,8707,C07397,NA,1
Pravastatin,HMDB05022,54687,63618,C01844,2053,1
Zolpidem,HMDB05023,5732,10125,C07219,3071,1
Sildenafil,HMDB05039,5212,NA,C07259,NA,1
Donepezil,HMDB05041,3152,53289,,NA,1
15(S)-Hydroxyeicosatrienoic acid,HMDB05045,5283145,17897,,NA,1
Eicosadienoic acid,HMDB05060,6439848,603631,C16525,NA,1
Oleoylcarnitine,HMDB05065,53477789,NA,,NA,1
Tetradecanoylcarnitine,HMDB05066,53477791,NA,,NA,1
"13,14-Dihydro PGF-1a",HMDB05076,5311239,155467,,NA,1
5-HEPE,HMDB05081,6439678,NA,,NA,1
Homovanillin,HMDB05175,151276,28111,C05581,NA,1
(R)-Salsolinol,HMDB05199,54456,123715,C09642,NA,1
TG(16:0/16:0/18:0)[iso3],HMDB05357,3246953,NA,C00422,4703,1
"TG(16:0/18:0/18:2(9Z,12Z))[iso6]",HMDB05369,9544069,NA,C00422,NA,1
"TG(16:0/18:0/20:4(5Z,8Z,11Z,14Z))[iso6]",HMDB05370,9544279,NA,C00422,NA,1
"TG(16:0/18:1(9Z)/18:2(9Z,12Z))[iso6]",HMDB05384,25240361,NA,C00422,NA,1
"TG(16:0/18:1(9Z)/20:4(5Z,8Z,11Z,14Z))[iso6]",HMDB05385,9544319,NA,C00422,NA,1
"TG(16:0/18:2(9Z,12Z)/20:1(11Z))[iso6]",HMDB05389,9544231,NA,C00422,NA,1
"TG(16:0/18:2(9Z,12Z)/20:4(5Z,8Z,11Z,14Z))[iso6]",HMDB05391,9544362,NA,C00422,NA,1
TG(18:0/20:1(11Z)/20:1(11Z))[iso3],HMDB05407,9544680,NA,C00422,NA,1
TG(20:0/20:0/20:0),HMDB05414,522017,NA,C00422,4702,1
TG(20:0/20:0/20:1(11Z))[iso3],HMDB05415,9544965,NA,C00422,NA,1
"TG(20:0/20:0/20:4(5Z,8Z,11Z,14Z))[iso3]",HMDB05416,9545204,NA,C00422,NA,1
TG(20:1(11Z)/20:1(11Z)/20:1(11Z)),HMDB05464,9545117,NA,C00422,NA,1
Ophthalmic acid,HMDB05765,7018721,NA,,NA,1
Homoanserine,HMDB05767,20849429,NA,,NA,1
Endomorphin-2,HMDB05774,5311081,297398,,NA,1
Tetragastrin,HMDB05775,446569,298115,,NA,1
"PE(O-18:1(1Z)/20:4(5Z,8Z,11Z,14Z))",HMDB05779,9547058,NA,C00350,6548,1
"PE(O-16:1(1Z)/22:6(4Z,7Z,10Z,13Z,16Z,19Z))",HMDB05780,5283497,NA,C00350,6548,1
Hydroxytyrosol,HMDB05784,82755,NA,,NA,1
Theaflavin,HMDB05788,22833651,NA,,NA,1
Picrocrocin,HMDB05796,22833654,NA,,NA,1
Malabaricone C,HMDB05798,100313,584521,,NA,1
Luteolin,HMDB05800,5280445,15864,C01514,NA,1
5a-Androstan-3b-ol,HMDB05830,92877,428105,,NA,1
Allyl isothiocyanate,HMDB05843,5971,494804,C19317,NA,1
Dimethyldisulfide,HMDB05879,12232,4608,C08371,NA,1
N-Acetylasparagine,HMDB06028,99715,NA,,NA,1
N-Acetylglutamine,HMDB06029,25561,NA,,NA,1
20-Carboxy-leukotriene B4,HMDB06059,5280877,27562,C05950,NA,1
4-Hydroxyphenylacetylglutamine,HMDB06061,440731,28036,C05595,NA,1
Troxerutin,HMDB06083,5486699,NA,,NA,1
Benzaldehyde,HMDB06115,240,17169,C00193,NA,1
APGPR Enterostatin,HMDB06117,3082883,NA,,NA,1
2-(Formamido)-N1-(5-phospho-D-ribosyl)acetamidine,HMDB06211,22833657,18413,C04640,3442,1
"(S)-Propane-1,2-diol",HMDB06213,439846,29002,C02917,3220,1
17-beta-Estradiol-3-glucuronide,HMDB06224,13783824,NA,C05503,NA,1
Phenylacetaldehyde,HMDB06236,998,16424,C00601,NA,1
5-L-Glutamyl-L-alanine,HMDB06248,440103,50619,C03740,NA,1
3-Decaprenyl-4-hydroxybenzoic acid,HMDB06251,6454686,64136,,NA,1
4-Hydroxyretinoic acid,HMDB06254,6438629,63795,C16677,NA,1
"2,6-Dimethylheptanoyl-CoA",HMDB06258,53477808,NA,,NA,1
5-amino-1-(5-phospho-D-ribosyl)imidazole-4-carboxylate,HMDB06273,165388,28413,C04751,NA,1
"7-a,25-Dihydroxycholesterol",HMDB06280,11954197,37623,C15520,NA,1
"L-2,4-diaminobutyric acid",HMDB06284,134490,NA,C03283,NA,1
"Docosa-4,7,10,13,16-pentaenoyl carnitine",HMDB06321,53477825,NA,,NA,1
"cis,cis-Muconic acid",HMDB06331,5280518,16508,C02480,NA,1
Pseudoecgonine,HMDB06348,443845,NA,C12449,NA,1
"D-Glucurono-6,3-lactone",HMDB06355,2724333,18268,C02670,NA,1
L-Glyceric acid,HMDB06372,6326776,NA,,NA,1
Ecgonine methyl ester,HMDB06406,443844,708640,C12448,NA,1
L-2-Amino-3-oxobutanoic acid,HMDB06454,440033,40673,C03508,NA,1
Arachidonyl carnitine,HMDB06455,53477832,NA,,NA,1
Arachidyl carnitine,HMDB06460,53477833,NA,,NA,1
Homocysteinesulfinic acid,HMDB06462,161712,NA,,NA,1
Stearidonyl carnitine,HMDB06463,53477835,NA,,NA,1
Calcitroic acid ,HMDB06472,12918533,NA,,NA,1
Iso-Valeraldehyde,HMDB06478,11552,16638,C07329,NA,1
Pentaglutamyl folate,HMDB06487,73374,NA,,NA,1
N-Acetyl-L-glutamate 5-semialdehyde,HMDB06488,192878,16319,C01250,NA,1
"P1,P4-Bis(5'-adenosyl) tetraphosphate",HMDB06502,53477841,NA,,NA,1
Phenylacetyl-CoA,HMDB06503,165620,15537,C00582,NA,1
Docosapentaenoic acid,HMDB06528,5497182,53488,C16513,194,1
(a-D-mannosyl)2-b-D-mannosyl-N-acetylglucosamine,HMDB06537,53477854,NA,,NA,1
Stearidonic acid,HMDB06547,5312508,32389,C16300,NA,1
dIMP,HMDB06555,91531,28806,C06196,NA,1
ADP-glucose,HMDB06557,16500,15751,C00498,NA,1
"2,3-Epoxyaflatoxin B1",HMDB06558,104756,30725,C19586,NA,1
Lacto-N-fucopentaose III,HMDB06576,53477857,NA,,NA,1
3-Sialyl Lewis,HMDB06579,643993,NA,,NA,1
Lactosamine,HMDB06591,119065,25001,C00203,3675,1
3'-Sialyllactosamine,HMDB06607,53477870,NA,,NA,1
Disialyllactose,HMDB06692,12002504,NA,,NA,1
Prolylhydroxyproline,HMDB06695,11902892,NA,,NA,1
Ubiquinone-2,HMDB06709,5280346,46372,C00399,NA,1
CE(24:1(15Z)),HMDB06728,53477888,NA,C02530,NA,1
"CE(22:4(7Z,10Z,13Z,16Z)",HMDB06729,16061341,NA,C02530,NA,1
QYNAD,HMDB06730,10189090,NA,,NA,1
"CE(20:3(8Z,11Z,14Z))",HMDB06736,53477892,NA,C02530,NA,1
CE(19:0),HMDB06738,14274981,NA,C02530,NA,1
CE(20:0),HMDB06740,53477894,NA,C02530,NA,1
3-Carboxy-1-hydroxypropylthiamine diphosphate,HMDB06744,440649,1463,C05381,NA,1
Dihydroceramide,HMDB06752,16755624,31488,C12126,NA,1
"3a,21-Dihydroxy-5b-pregnane-11,20-dione",HMDB06755,44263347,NA,C05478,NA,1
"17a,20a-Dihydroxycholesterol",HMDB06764,53477898,783,C05499  ,NA,1
2-Methoxy-estradiol-17b 3-glucuronide,HMDB06765,443076,36491,C11131,NA,1
Estriol-16-Glucuronide,HMDB06766,122281,NA,C05504,NA,1
"Indole-5,6-quinone",HMDB06779,440728,27406,C05579,NA,1
Galactosylglycerol,HMDB06790,656504,15754,C05401,NA,1
Melibiitol,HMDB06791,440655,27527,C05399,NA,1
"P1,P4-Bis(5'-uridyl) tetraphosphate",HMDB06796,148197,27791,C06198,NA,1
O-Phospho-4-hydroxy-L-threonine,HMDB06802,440901,18336,C06055,NA,1
2-Propyn-1-al,HMDB06803,12222,27976,C05985,NA,1
3-Hexaprenyl-4-hydroxybenzoic acid,HMDB06816,11954011,31116,C13425,NA,1
Dihydroneopterin phosphate,HMDB06824,24771767,48954,C05925,NA,1
Tetrahydrofolyl-[Glu](2),HMDB06825,442163,28624,C03541,NA,1
3-Dehydroxycarnitine,HMDB06831,725,16244,C05543,NA,1
Tetrahymanol,HMDB06836,168951,9493,C06083,NA,1
3-Keto-4-methylzymosterol,HMDB06838,53477900,505093,C15816,NA,1
"24,25-Dihydrolanosterol",HMDB06839,440560,28113,C05109,NA,1
24-Methylenelophenol,HMDB06846,5283640,29107,C11522 ,NA,1
3-Butyn-1-al,HMDB06853,142966,28180,C06145,NA,1
3-Methyl-1-hydroxybutyl-ThPP,HMDB06865,23724625,NA,C15974,NA,1
S-(2-Methylbutanoyl)-dihydrolipoamide,HMDB06869,440565,28692,C05118,NA,1
1-Pyrroline-2-carboxylic acid,HMDB06875,440046,36761,C03564,NA,1
5b-Cyprinol sulfate,HMDB06888,53477904,2149,C05468,NA,1
"3a,7a-Dihydroxy-5b-cholestane",HMDB06893,3080603,28047,C05452,NA,1
Chenodeoxyglycocholic acid,HMDB06898,53477907,NA,C05462,NA,1
Heme A,HMDB06901,NA,NA,C15670,NA,1
"3-Hydroxy-2-methylpyridine-4,5-dicarboxylate",HMDB06955,440403,17978,C04604,NA,1
CDP-DG(16:0/18:1(11Z)),HMDB06970,53477914,NA,,NA,1
"CDP-DG(16:0/18:2(9Z,12Z))",HMDB06972,53477916,NA,,NA,1
CPA(18:0/0:0),HMDB07004,51040919,NA,,NA,1
DG(14:0/14:0/0:0),HMDB07008,10369168,NA,C16667,NA,1
DG(14:0/14:1(9Z)/0:0),HMDB07009,53477948,NA,,NA,1
DG(14:0/15:0/0:0),HMDB07010,53477949,NA,,NA,1
DG(14:0/16:0/0:0),HMDB07011,13734178,NA,,NA,1
DG(14:0/16:1(9Z)/0:0),HMDB07012,53477950,NA,,NA,1
"DG(14:0/18:2(9Z,12Z)/0:0)",HMDB07016,14275352,NA,,NA,1
"DG(14:0/18:3(6Z,9Z,12Z)/0:0)",HMDB07017,53477953,NA,,NA,1
"DG(14:0/18:4(6Z,9Z,12Z,15Z)/0:0)",HMDB07019,53477954,NA,,NA,1
DG(14:0/20:0/0:0),HMDB07020,53477955,NA,,NA,1
DG(14:0/20:1(11Z)/0:0),HMDB07021,53477956,NA,,NA,1
"DG(14:0/20:2(11Z,14Z)/0:0)",HMDB07022,53477957,NA,,NA,1
"DG(14:0/20:3(8Z,11Z,14Z)/0:0)",HMDB07024,53477959,NA,,NA,1
"DG(14:0/20:4(5Z,8Z,11Z,14Z)/0:0)",HMDB07025,53477960,NA,,NA,1
"DG(14:0/20:5(5Z,8Z,11Z,14Z,17Z)/0:0)",HMDB07027,53477962,NA,,NA,1
DG(14:0/22:1(13Z)/0:0),HMDB07029,53477964,NA,,NA,1
"DG(14:0/22:4(7Z,10Z,13Z,16Z)/0:0)",HMDB07031,53477966,NA,,NA,1
"DG(14:0/22:5(7Z,10Z,13Z,16Z,19Z)/0:0)",HMDB07033,53477968,NA,,NA,1
DG(14:0/24:1(15Z)/0:0),HMDB07036,53477971,NA,,NA,1
DG(14:1(9Z)/15:0/0:0),HMDB07039,53477974,NA,,NA,1
DG(14:1(9Z)/18:0/0:0),HMDB07042,53477977,NA,,NA,1
DG(15:0/16:0/0:0),HMDB07069,14275229,NA,,NA,1
DG(15:0/16:1(9Z)/0:0),HMDB07070,53478003,NA,,NA,1
DG(15:0/18:0/0:0),HMDB07071,14275365,NA,,NA,1
DG(15:0/18:1(11Z)/0:0),HMDB07072,53478004,NA,,NA,1
"DG(15:0/18:2(9Z,12Z)/0:0)",HMDB07074,14275369,NA,,NA,1
"DG(15:0/18:4(6Z,9Z,12Z,15Z)/0:0)",HMDB07077,53478006,NA,,NA,1
"DG(15:0/20:2(11Z,14Z)/0:0)",HMDB07080,53478009,NA,,NA,1
"DG(15:0/20:4(5Z,8Z,11Z,14Z)/0:0)",HMDB07083,53478012,NA,,NA,1
DG(15:0/22:1(13Z)/0:0),HMDB07087,53478016,NA,,NA,1
DG(15:0/24:0/0:0),HMDB07093,53478022,NA,,NA,1
DG(16:0/18:1(11Z)/0:0),HMDB07101,9543972,NA,C00165,4682,1
DG(16:0/20:0/0:0),HMDB07107,9543710,NA,C00165,4348,1
"DG(16:0/22:6(4Z,7Z,10Z,13Z,16Z,19Z)/0:0)",HMDB07121,9543827,NA,,NA,1
DG(16:0/24:0/0:0),HMDB07122,53478031,NA,,NA,1
DG(16:0/24:1(15Z)/0:0),HMDB07123,53478032,NA,,NA,1
"DG(16:1(9Z)/22:2(13Z,16Z)/0:0)",HMDB07146,9543802,NA,,NA,1
"DG(16:1(9Z)/22:6(4Z,7Z,10Z,13Z,16Z,19Z)/0:0)",HMDB07150,9543839,NA,,NA,1
DG(16:1(9Z)/24:1(15Z)/0:0),HMDB07152,53478044,NA,,NA,1
"DG(18:0/22:6(4Z,7Z,10Z,13Z,16Z,19Z)/0:0)",HMDB07179,9543881,NA,,NA,1
DG(18:0/24:1(15Z)/0:0),HMDB07181,53478056,NA,,NA,1
DG(18:1(11Z)/24:1(15Z)/0:0),HMDB07210,53478085,NA,,NA,1
DG(18:1(9Z)/18:1(11Z)/0:0),HMDB07217,53478091,NA,,NA,1
"DG(18:2(9Z,12Z)/22:6(4Z,7Z,10Z,13Z,16Z,19Z)/0:0)",HMDB07266,9543899,NA,,NA,1
"DG(18:4(6Z,9Z,12Z,15Z)/18:4(6Z,9Z,12Z,15Z)/0:0)",HMDB07338,53478167,NA,,NA,1
"DG(18:4(6Z,9Z,12Z,15Z)/22:6(4Z,7Z,10Z,13Z,16Z,19Z)/0:0)",HMDB07353,53478182,NA,,NA,1
DG(20:0/24:1(15Z)/0:0),HMDB07384,53478200,NA,,NA,1
"DG(20:1(11Z)/22:6(4Z,7Z,10Z,13Z,16Z,19Z)/0:0)",HMDB07411,9543929,NA,,NA,1
DG(20:1(11Z)/24:1(15Z)/0:0),HMDB07413,53478218,NA,,NA,1
"DG(20:3(5Z,8Z,11Z)/16:0/0:0)",HMDB07446,53478241,NA,,NA,1
"DG(22:4(7Z,10Z,13Z,16Z)/22:6(4Z,7Z,10Z,13Z,16Z,19Z)/0:0)",HMDB07701,9543969,NA,,NA,1
DG(24:1(15Z)/24:1(15Z)/0:0),HMDB07848,53478598,NA,,NA,1
LPA(0:0/16:0),HMDB07849,53478599,NA,C00416,NA,1
LPA(0:0/18:0),HMDB07850,53478600,NA,C00416,NA,1
LPA(0:0/18:1(9Z)),HMDB07851,52929749,NA,C00416,NA,1
"LPA(0:0/18:2(9Z,12Z))",HMDB07852,53478601,NA,C00416,NA,1
PA(16:0/18:1(11Z)),HMDB07858,9547158,NA,C00416,NA,1
"PA(16:0/18:2(9Z,12Z))",HMDB07860,9547167,NA,C00416,NA,1
"PA(18:0/18:2(9Z,12Z))",HMDB07861,24779559,NA,C00416,NA,1
PC(14:0/15:0),HMDB07868,24778611,NA,C00157,NA,1
PC(14:0/16:0),HMDB07869,129657,NA,C00157,NA,1
PC(14:0/18:1(11Z)),HMDB07872,24778618,NA,C00157,NA,1
"PC(14:0/18:2(9Z,12Z))",HMDB07874,24778624,NA,C00157,NA,1
"PC(14:0/18:3(6Z,9Z,12Z))",HMDB07875,52922220,NA,C00157,NA,1
"PC(14:0/18:4(6Z,9Z,12Z,15Z))",HMDB07877,24778627,NA,C00157,NA,1
PC(14:0/20:0),HMDB07878,24778633,NA,C00157,NA,1
PC(14:0/20:1(11Z)),HMDB07879,52922226,NA,C00157,NA,1
"PC(14:0/20:2(11Z,14Z))",HMDB07880,52922228,NA,C00157,NA,1
"PC(14:0/20:3(5Z,8Z,11Z))",HMDB07881,53478605,NA,C00157,NA,1
"PC(14:0/20:4(5Z,8Z,11Z,14Z))",HMDB07883,24778634,NA,C00157,NA,1
"PC(14:0/20:5(5Z,8Z,11Z,14Z,17Z))",HMDB07885,24778635,NA,C00157,NA,1
PC(14:0/22:1(13Z)),HMDB07887,53478609,NA,C00157,NA,1
"PC(14:0/22:2(13Z,16Z))",HMDB07888,52922236,NA,C00157,NA,1
"PC(14:0/22:4(7Z,10Z,13Z,16Z))",HMDB07889,52922238,NA,C00157,NA,1
"PC(14:0/22:5(4Z,7Z,10Z,13Z,16Z))",HMDB07890,53478611,NA,C00157,NA,1
"PC(14:0/22:6(4Z,7Z,10Z,13Z,16Z,19Z))",HMDB07892,24778639,NA,C00157,NA,1
PC(14:0/24:1(15Z)),HMDB07894,24778643,NA,C00157,NA,1
PC(14:0/P-16:0),HMDB07895,53478615,NA,C00157,NA,1
PC(14:1(9Z)/15:0),HMDB07901,52922246,NA,C00157,NA,1
"PC(14:1(9Z)/20:5(5Z,8Z,11Z,14Z,17Z))",HMDB07918,52922286,NA,C00157,NA,1
"PC(14:1(9Z)/22:2(13Z,16Z))",HMDB07921,52922294,NA,C00157,NA,1
"PC(14:1(9Z)/22:6(4Z,7Z,10Z,13Z,16Z,19Z))",HMDB07925,52922298,NA,C00157,NA,1
PC(14:1(9Z)/P-16:0),HMDB07928,53478639,NA,C00157,NA,1
PC(15:0/16:0),HMDB07935,24778655,NA,C00157,NA,1
PC(15:0/16:1(9Z)),HMDB07936,24778657,NA,C00157,NA,1
PC(15:0/18:1(11Z)),HMDB07938,24778662,NA,C00157,NA,1
"PC(15:0/18:2(9Z,12Z))",HMDB07940,24778664,NA,C00157,NA,1
"PC(15:0/18:3(6Z,9Z,12Z))",HMDB07941,52922314,NA,C00157,NA,1
"PC(15:0/18:4(6Z,9Z,12Z,15Z))",HMDB07943,52922318,NA,C00157,NA,1
PC(15:0/20:1(11Z)),HMDB07945,52922324,NA,C00157,NA,1
"PC(15:0/20:2(11Z,14Z))",HMDB07946,52922326,NA,C00157,NA,1
"PC(15:0/20:4(5Z,8Z,11Z,14Z))",HMDB07949,52922330,NA,C00157,NA,1
"PC(15:0/20:5(5Z,8Z,11Z,14Z,17Z))",HMDB07951,52922332,NA,C00157,NA,1
PC(15:0/22:0),HMDB07953,52922334,NA,C00157,NA,1
"PC(15:0/22:5(4Z,7Z,10Z,13Z,16Z))",HMDB07956,53478653,NA,C00157,NA,1
"PC(15:0/22:6(4Z,7Z,10Z,13Z,16Z,19Z))",HMDB07958,52922342,NA,C00157,NA,1
PC(15:0/24:0),HMDB07959,53478657,NA,C00157,NA,1
PC(15:0/P-16:0),HMDB07961,53478661,NA,C00157,NA,1
PC(15:0/P-18:0),HMDB07962,53478663,NA,C00157,NA,1
PC(15:0/P-18:1(11Z)),HMDB07963,53478665,NA,C00157,NA,1
"PC(16:0/22:4(7Z,10Z,13Z,16Z))",HMDB07988,24778732,NA,C00157,NA,1
"PC(16:0/22:5(4Z,7Z,10Z,13Z,16Z))",HMDB07989,24778735,NA,C00157,NA,1
"PC(16:0/22:6(4Z,7Z,10Z,13Z,16Z,19Z))",HMDB07991,6441886,NA,C00157,NA,1
"PC(16:1(9Z)/22:6(4Z,7Z,10Z,13Z,16Z,19Z))",HMDB08023,24778773,NA,C00157,NA,1
PC(16:1(9Z)/24:1(15Z)),HMDB08026,53478691,NA,C00157,NA,1
"PC(18:0/22:6(4Z,7Z,10Z,13Z,16Z,19Z))",HMDB08057,24778876,NA,C00157,NA,1
PC(18:0/P-18:1(11Z)),HMDB08062,53478707,NA,C00157,NA,1
"PC(18:1(11Z)/22:2(13Z,16Z))",HMDB08086,53478747,NA,C00157,NA,1
"PC(18:1(11Z)/22:6(4Z,7Z,10Z,13Z,16Z,19Z))",HMDB08090,24778901,NA,C00157,NA,1
PC(18:1(11Z)/P-18:1(11Z)),HMDB08095,53478761,NA,C00157,NA,1
"PC(18:2(9Z,12Z)/22:6(4Z,7Z,10Z,13Z,16Z,19Z))",HMDB08156,24778983,NA,C00157,NA,1
"PC(18:3(6Z,9Z,12Z)/20:5(5Z,8Z,11Z,14Z,17Z))",HMDB08182,52922807,NA,C00157,NA,1
"PC(18:3(6Z,9Z,12Z)/24:1(15Z))",HMDB08191,53478821,NA,C00157,NA,1
"PC(18:3(6Z,9Z,12Z)/P-18:1(11Z))",HMDB08194,53478827,NA,C00157,NA,1
"PC(18:4(6Z,9Z,12Z,15Z)/20:5(5Z,8Z,11Z,14Z,17Z))",HMDB08248,52922927,NA,C00157,NA,1
"PC(18:4(6Z,9Z,12Z,15Z)/22:6(4Z,7Z,10Z,13Z,16Z,19Z))",HMDB08255,52922939,NA,C00157,NA,1
"PC(18:4(6Z,9Z,12Z,15Z)/P-18:1(11Z))",HMDB08260,53478875,NA,C00157,NA,1
PC(20:0/24:0),HMDB08289,53478885,NA,C00157,NA,1
PC(20:0/24:1(15Z)),HMDB08290,24779057,NA,C00157,NA,1
"PC(20:2(11Z,14Z)/P-18:1(11Z))",HMDB08359,53478939,NA,C00157,NA,1
"PC(20:3(5Z,8Z,11Z)/24:1(15Z))",HMDB08389,53478999,NA,C00157,NA,1
"PC(20:3(5Z,8Z,11Z)/P-18:1(11Z))",HMDB08392,53479005,NA,C00157,NA,1
"PC(20:4(5Z,8Z,11Z,14Z)/24:1(15Z))",HMDB08454,53479047,NA,C00157,NA,1
"PC(20:4(5Z,8Z,11Z,14Z)/P-18:1(11Z))",HMDB08457,53479053,NA,C00157,NA,1
"PC(20:5(5Z,8Z,11Z,14Z,17Z)/22:6(4Z,7Z,10Z,13Z,16Z,19Z))",HMDB08518,24779082,NA,C00157,NA,1
"PC(20:5(5Z,8Z,11Z,14Z,17Z)/24:1(15Z))",HMDB08520,53479137,NA,C00157,NA,1
"PC(20:5(5Z,8Z,11Z,14Z,17Z)/P-18:1(11Z))",HMDB08523,53479143,NA,C00157,NA,1
PC(22:0/24:0),HMDB08552,53479155,NA,C00157,NA,1
PC(22:0/24:1(15Z)),HMDB08553,24779122,NA,C00157,NA,1
PC(22:0/P-18:0),HMDB08555,53479159,NA,C00157,NA,1
PC(22:0/P-18:1(11Z)),HMDB08556,53479161,NA,C00157,NA,1
PC(22:1(13Z)/24:1(15Z)),HMDB08585,53479217,NA,C00157,NA,1
"PC(22:4(7Z,10Z,13Z,16Z)/22:6(4Z,7Z,10Z,13Z,16Z,19Z))",HMDB08649,52923669,NA,C00157,NA,1
"PC(22:4(7Z,10Z,13Z,16Z)/P-18:0)",HMDB08653,53479269,NA,C00157,NA,1
"PC(22:4(7Z,10Z,13Z,16Z)/P-18:1(11Z))",HMDB08654,53479271,NA,C00157,NA,1
"PC(22:5(4Z,7Z,10Z,13Z,16Z)/22:6(4Z,7Z,10Z,13Z,16Z,19Z))",HMDB08682,53479327,NA,C00157,NA,1
"PC(22:5(4Z,7Z,10Z,13Z,16Z)/24:1(15Z))",HMDB08684,53479331,NA,C00157,NA,1
"PC(22:6(4Z,7Z,10Z,13Z,16Z,19Z)/22:6(4Z,7Z,10Z,13Z,16Z,19Z))",HMDB08748,24779134,NA,C00157,NA,1
"PC(22:6(4Z,7Z,10Z,13Z,16Z,19Z)/24:1(15Z))",HMDB08750,53479421,NA,C00157,NA,1
"PC(22:6(4Z,7Z,10Z,13Z,16Z,19Z)/P-18:1(11Z))",HMDB08753,53479427,NA,C00157,NA,1
PC(24:0/24:0),HMDB08782,24779171,NA,C00157,NA,1
PC(24:0/P-18:1(11Z)),HMDB08786,53479483,NA,C00157,NA,1
PC(24:1(15Z)/P-18:1(11Z)),HMDB08819,53479547,NA,C00157,NA,1
PE(14:0/14:1(9Z)),HMDB08822,52924113,NA,C00350,NA,1
PE(14:0/15:0),HMDB08823,24178114,NA,C00350,NA,1
PE(14:0/16:1(9Z)),HMDB08825,52924945,NA,C00350,NA,1
"PE(14:0/18:3(6Z,9Z,12Z))",HMDB08830,52924117,NA,C00350,NA,1
"PE(14:0/18:4(6Z,9Z,12Z,15Z))",HMDB08832,52924941,NA,C00350,NA,1
"PE(14:0/20:2(11Z,14Z))",HMDB08835,52924121,NA,C00350,NA,1
"PE(14:0/20:3(5Z,8Z,11Z))",HMDB08836,53479552,NA,C00350,NA,1
"PE(14:0/20:4(5Z,8Z,11Z,14Z))",HMDB08838,52924939,NA,C00350,NA,1
"PE(14:0/22:5(4Z,7Z,10Z,13Z,16Z))",HMDB08845,53479555,NA,C00350,NA,1
"PE(14:0/22:6(4Z,7Z,10Z,13Z,16Z,19Z))",HMDB08847,52924936,NA,C00350,NA,1
PE(14:0/P-16:0),HMDB08850,53479559,NA,C00350,NA,1
PE(14:0/P-18:0),HMDB08851,53479560,NA,C00350,NA,1
PE(14:0/P-18:1(11Z)),HMDB08852,53479561,NA,C00350,NA,1
PE(14:1(9Z)/14:1(9Z)),HMDB08855,52924935,NA,C00350,NA,1
PE(14:1(9Z)/15:0),HMDB08856,52924130,NA,C00350,NA,1
PE(14:1(9Z)/16:1(9Z)),HMDB08858,52924133,NA,C00350,NA,1
"PE(14:1(9Z)/18:4(6Z,9Z,12Z,15Z))",HMDB08865,52924142,NA,C00350,NA,1
"PE(14:1(9Z)/20:5(5Z,8Z,11Z,14Z,17Z))",HMDB08873,52924150,NA,C00350,NA,1
"PE(14:1(9Z)/22:6(4Z,7Z,10Z,13Z,16Z,19Z))",HMDB08880,52924156,NA,C00350,NA,1
PE(14:1(9Z)/P-18:1(11Z)),HMDB08885,53479573,NA,C00350,NA,1
"PE(15:0/18:3(6Z,9Z,12Z))",HMDB08896,52924163,NA,C00350,NA,1
PE(15:0/P-16:0),HMDB08916,53479583,NA,C00350,NA,1
"PE(16:0/22:6(4Z,7Z,10Z,13Z,16Z,19Z))",HMDB08946,9546799,NA,C00350,NA,1
PE(16:0/P-18:1(11Z)),HMDB08951,53479594,NA,C00350,NA,1
"PE(16:1(9Z)/22:6(4Z,7Z,10Z,13Z,16Z,19Z))",HMDB08979,52924914,NA,C00350,NA,1
PE(16:1(9Z)/P-18:1(11Z)),HMDB08984,53479607,NA,C00350,NA,1
"PE(18:1(11Z)/22:2(13Z,16Z))",HMDB09041,53479639,NA,C00350,NA,1
"PE(18:1(11Z)/22:6(4Z,7Z,10Z,13Z,16Z,19Z))",HMDB09045,53479643,NA,C00350,NA,1
PE(18:1(11Z)/24:1(15Z)),HMDB09047,53479645,NA,C00350,NA,1
PE(18:1(11Z)/P-18:1(11Z)),HMDB09050,53479648,NA,C00350,NA,1
"PE(18:2(9Z,12Z)/22:6(4Z,7Z,10Z,13Z,16Z,19Z))",HMDB09111,52924892,NA,C00350,NA,1
"PE(18:3(6Z,9Z,12Z)/20:5(5Z,8Z,11Z,14Z,17Z))",HMDB09137,52924404,NA,C00350,NA,1
"PE(18:3(6Z,9Z,12Z)/P-18:1(11Z))",HMDB09149,53479683,NA,C00350,NA,1
"PE(18:4(6Z,9Z,12Z,15Z)/18:4(6Z,9Z,12Z,15Z))",HMDB09195,52924455,NA,C00350,NA,1
"PE(18:4(6Z,9Z,12Z,15Z)/P-18:1(11Z))",HMDB09215,53479707,NA,C00350,NA,1
PE(20:0/24:0),HMDB09244,53479713,NA,C00350,NA,1
PE(20:0/dm18:0),HMDB09247,53479715,NA,C00350,NA,1
PE(20:0/P-18:1(11Z)),HMDB09248,53479716,NA,C00350,NA,1
"PE(20:2(11Z,14Z)/22:6(4Z,7Z,10Z,13Z,16Z,19Z))",HMDB09309,52924602,NA,C00350,NA,1
"PE(20:2(11Z,14Z)/P-18:1(11Z))",HMDB09314,53479740,NA,C00350,NA,1
"PE(20:3(5Z,8Z,11Z)/P-18:1(11Z))",HMDB09347,53479773,NA,C00350,NA,1
"PE(20:4(5Z,8Z,11Z,14Z)/22:6(4Z,7Z,10Z,13Z,16Z,19Z))",HMDB09408,52924662,NA,C00350,NA,1
"PE(20:4(5Z,8Z,11Z,14Z)/P-18:1(11Z))",HMDB09413,53479797,NA,C00350,NA,1
"PE(20:5(5Z,8Z,11Z,14Z,17Z)/22:6(4Z,7Z,10Z,13Z,16Z,19Z))",HMDB09474,52924872,NA,C00350,NA,1
"PE(20:5(5Z,8Z,11Z,14Z,17Z)/P-18:1(11Z))",HMDB09479,53479841,NA,C00350,NA,1
PE(22:0/24:0),HMDB09508,53479847,NA,C00350,NA,1
PE(22:0/24:1(15Z)),HMDB09509,9546991,NA,C00350,NA,1
PE(22:0/P-18:0),HMDB09511,53479849,NA,C00350,NA,1
PE(22:0/P-18:1(11Z)),HMDB09512,53479850,NA,C00350,NA,1
PE(22:1(13Z)/24:1(15Z)),HMDB09542,53479880,NA,C00350,NA,1
"PE(22:4(7Z,10Z,13Z,16Z)/22:5(4Z,7Z,10Z,13Z,16Z))",HMDB09603,53479901,NA,C00350,NA,1
"PE(22:4(7Z,10Z,13Z,16Z)/P-18:0)",HMDB09610,53479906,NA,C00350,NA,1
"PE(22:4(7Z,10Z,13Z,16Z)/P-18:1(11Z))",HMDB09611,53479907,NA,C00350,NA,1
"PE(22:5(4Z,7Z,10Z,13Z,16Z)/P-18:1(11Z))",HMDB09644,53479940,NA,C00350,NA,1
"PE(22:6(4Z,7Z,10Z,13Z,16Z,19Z)/22:6(4Z,7Z,10Z,13Z,16Z,19Z))",HMDB09705,9546797,NA,C00350,NA,1
"PE(22:6(4Z,7Z,10Z,13Z,16Z,19Z)/P-18:1(11Z))",HMDB09710,53479985,NA,C00350,NA,1
PE(24:0/24:1(15Z)),HMDB09740,53480012,NA,C00350,NA,1
PE(24:0/P-18:0),HMDB09742,53480014,NA,C00350,NA,1
PE(24:0/P-18:1(11Z)),HMDB09743,53480015,NA,C00350,NA,1
PI(16:0/16:0),HMDB09778,NA,NA,C00626,NA,1
"PIP(16:0/20:2(11Z,14Z))",HMDB09928,53480125,NA,C00626,NA,1
"PIP(16:0/20:3(5Z,8Z,11Z))",HMDB09929,53480126,NA,C00626,NA,1
PIP(16:1(9Z)/18:0),HMDB09940,53480135,NA,C00626,NA,1
PIP(20:1(11Z)/18:1(11Z)),HMDB09999,53480193,NA,C00626,NA,1
PIP2(16:0/16:1(9Z)),HMDB10033,53480224,NA,C00626,NA,1
PS(18:0/18:1(9Z)),HMDB10163,59720717,NA,C02737,NA,1
"PS(18:0/20:4(8Z,11Z,14Z,17Z))",HMDB10165,53480354,NA,C02737,NA,1
"PS(18:0/22:5(7Z,10Z,13Z,16Z,19Z))",HMDB10166,53480355,NA,C02737,NA,1
"PS(18:0/22:6(4Z,7Z,10Z,13Z,16Z,19Z))",HMDB10167,24779546,NA,C02737,NA,1
Pregnanediol-3-glucuronide,HMDB10318,123796,NA,C03033,NA,1
Inodxyl glucuronide,HMDB10319,2733785,NA,C03033,NA,1
Cortolone-3-glucuronide,HMDB10320,53480447,NA,C03033,NA,1
"3,17-Androstanediol glucuronide",HMDB10321,3034755,NA,C03033,NA,1
17-alpha-Estradiol-3-glucuronide,HMDB10322,66651,NA,C03033,NA,1
Ethyl glucuronide,HMDB10325,18392195,NA,,NA,1
Tyramine glucuronide,HMDB10328,193088,NA,C03033,NA,1
Cholesterol glucuronide,HMDB10330,53480449,NA,C03033,NA,1
Palmitoyl glucuronide,HMDB10331,161223,NA,C03033  ,NA,1
Bilirubin glucuronide,HMDB10332,6438344,NA,C03033,NA,1
Ketoprofen glucuronide,HMDB10334,131281,NA,C03033,NA,1
6-Dehydrotestosterone glucuronide,HMDB10337,5460852,32709,C03033,NA,1
1-(alpha-Methyl-4-(2-methylpropyl)benzeneacetate)-beta-D-Glucopyranuronic acid,HMDB10343,163959,NA,C03033 ,NA,1
Octanoylglucuronide,HMDB10347,127448,NA,C03033 ,NA,1
2-Phenylethanol glucuronide,HMDB10350,24862077,NA,C03033,NA,1
11-beta-Hydroxyandrosterone-3-glucuronide,HMDB10351,53480452,NA,C03033,NA,1
"Cholestane-3,7,12,25-tetrol-3-glucuronide",HMDB10355,42622727,NA,C03033,NA,1
"(23S)-23,25-dihdroxy-24-oxovitamine D3 23-(beta-glucuronide)",HMDB10361,9547634,NA,C03033,NA,1
Hyaluronan,HMDB10366,24759,NA,,NA,1
CE(18:0),HMDB10368,53480457,NA,C02530,5898,1
"CE(18:3(9Z,12Z,15Z))",HMDB10370,6436907,NA,C02530,NA,1
"CE(20:3(5Z,8Z,11Z))",HMDB10373,53480461,NA,,NA,1
"CE(22:5(4Z,7Z,10Z,13Z,16Z))",HMDB10374,53480462,NA,,NA,1
LysoPC(14:0),HMDB10379,460604,NA,C04230,NA,1
LysoPC(14:1(9Z)),HMDB10380,24779456,NA,C04230,NA,1
LysoPC(15:0),HMDB10381,24779458,580912,C04230,NA,1
LysoPC(16:0),HMDB10382,460602,NA,C04230,NA,1
LysoPC(16:1(9Z)),HMDB10383,24779461,NA,C04230,NA,1
LysoPC(18:0),HMDB10384,497299,NA,C04230,NA,1
LysoPC(18:1(11Z)),HMDB10385,53480465,NA,C04230,NA,1
"LysoPC(18:2(9Z,12Z))",HMDB10386,11005824,NA,C04230,NA,1
"LysoPC(18:3(6Z,9Z,12Z))",HMDB10387,52924045,NA,C04230,NA,1
"LysoPC(20:2(11Z,14Z))",HMDB10392,52924053,NA,C04230,NA,1
"LysoPC(20:3(5Z,8Z,11Z))",HMDB10393,53480467,NA,C04230,NA,1
"LysoPC(20:4(5Z,8Z,11Z,14Z))",HMDB10395,24779476,NA,C04230,NA,1
LysoPC(22:1(13Z)),HMDB10399,53480471,NA,C04230,NA,1
"LysoPC(22:2(13Z,16Z))",HMDB10400,52924059,NA,C04230,NA,1
"LysoPC(22:4(7Z,10Z,13Z,16Z))",HMDB10401,52924039,NA,C04230,NA,1
"LysoPC(22:5(4Z,7Z,10Z,13Z,16Z))",HMDB10402,53480473,NA,C04230,NA,1
"LysoPC(22:6(4Z,7Z,10Z,13Z,16Z,19Z))",HMDB10404,10415542,NA,C04230,NA,1
LysoPC(24:0),HMDB10405,24779481,NA,C04230,NA,1
LysoPC(P-18:1(9Z)),HMDB10408,24779513,NA,C04230,NA,1
TG(16:0/14:0/18:1(9Z))[iso6],HMDB10414,53480481,NA,,NA,1
"TG(16:0/16:0/22:6(4Z,7Z,10Z,13Z,16Z,19Z))[iso3]",HMDB10418,9544489,NA,,NA,1
TG(18:1(9Z)/18:1(9Z)/22:1(13Z))[iso3],HMDB10466,25240385,NA,,NA,1
"TG(20:4(5Z,8Z,11Z,14Z)/18:2(9Z,12Z)/22:6(4Z,7Z,10Z,13Z,16Z,19Z))[iso6]",HMDB10530,53480573,NA,,NA,1
"TG(22:5(7Z,10Z,13Z,16Z,19Z)/18:2(9Z,12Z)/22:6(4Z,7Z,10Z,13Z,16Z,19Z))[iso6]",HMDB10547,53480589,NA,,NA,1
"PG(16:0/18:2(9Z,12Z))",HMDB10575,52927246,NA,,NA,1
"PG(16:0/18:3(6Z,9Z,12Z))",HMDB10576,52927171,NA,,NA,1
"PG(16:0/20:3(5Z,8Z,11Z))",HMDB10578,53480603,NA,,NA,1
"PG(16:0/20:4(5Z,8Z,11Z,14Z))",HMDB10580,24779550,NA,,NA,1
"PG(16:0/22:4(7Z,10Z,13Z,16Z))",HMDB10581,52927231,NA,,NA,1
"PG(16:0/22:6(4Z,7Z,10Z,13Z,16Z,19Z))",HMDB10584,52926307,NA,,NA,1
PG(16:1(9Z)/16:1(9Z)),HMDB10586,52927230,NA,,NA,1
"PG(16:1(9Z)/22:6(4Z,7Z,10Z,13Z,16Z,19Z))",HMDB10599,52927163,NA,,NA,1
PG(18:0/18:0),HMDB10602,24779552,NA,,NA,1
"PG(18:0/18:2(9Z,12Z))",HMDB10605,52927245,NA,,NA,1
"PG(18:0/22:4(7Z,10Z,13Z,16Z))",HMDB10611,52927148,NA,,NA,1
"PG(18:0/22:6(4Z,7Z,10Z,13Z,16Z,19Z))",HMDB10614,24779554,NA,,NA,1
"PG(18:1(11Z)/22:6(4Z,7Z,10Z,13Z,16Z,19Z))",HMDB10629,53480628,NA,,NA,1
"PG(18:2(9Z,12Z)/22:6(4Z,7Z,10Z,13Z,16Z,19Z))",HMDB10659,52926310,NA,,NA,1
Cer(t18:0/16:0),HMDB10697,53480650,NA,,NA,1
CerP(d18:1/12:0),HMDB10699,5283580,NA,,NA,1
CerP(d18:1/18:0),HMDB10701,5283583,NA,,NA,1
CerP(d18:1/20:0),HMDB10702,5283584,NA,,NA,1
Galactosylceramide (d18:1/16:0),HMDB10708,53480652,NA,C02686,NA,1
Galactosylceramide (d18:1/18:0) ,HMDB10709,53480653,NA,C02686,NA,1
Galactosylceramide (d18:1/20:0) ,HMDB10710,53480654,NA,C02686,NA,1
Galactosylceramide (d18:1/24:1(15Z)) ,HMDB10712,53480656,NA,C02686,NA,1
Gamma-Glutamyl-Se-methylselenocysteine,HMDB10716,440760,NA,C05695,NA,1
3-Oxooctanoic acid,HMDB10721,128859,44680,,NA,1
3-Oxodecanoic acid,HMDB10724,5282982,37157,,NA,1
3-Oxododecanoic acid,HMDB10727,439717,18037,C02367,NA,1
trans-Dodec-2-enoic acid,HMDB10729,5282729,37162,,NA,1
3-Oxotetradecanoic acid,HMDB10730,454064,37270,,NA,1
(R)-3-Hydroxy-tetradecanoic acid,HMDB10731,5288266,42539,,NA,1
3-Oxohexadecanoic acid,HMDB10733,5282997,37251,,NA,1
(R)-3-Hydroxy-hexadecanoic acid,HMDB10734,15569776,38247,,NA,1
3-Oxooctadecanoic acid,HMDB10736,5283005,50576,,NA,1
(R)-3-Hydroxy-Octadecanoic acid,HMDB10737,5312838,NA,,NA,1
5-Acetylamino-6-formylamino-3-methyluracil,HMDB11105,108214,32643,,NA,1
17-Hydroxylinolenic acid,HMDB11108,10708957,NA,C16346,NA,1
OPC4-CoA,HMDB11113,53480659,NA,C16335,NA,1
Se-Adenosylselenohomocysteine,HMDB11117,16682731,NA,C05692,NA,1
Se-Adenosylselenomethionine,HMDB11118,24892761,NA,C05691,NA,1
"1,2-Di-(9Z,12Z,15Z-octadecatrienoyl)-3-(Galactosyl-alpha-1-6-Galactosyl-beta-1)-glycerol",HMDB11127,53480666,NA,,NA,1
LysoPC(0:0/18:0),HMDB11128,24779491,NA,,NA,1
DHAP(18:0),HMDB11133,440127,36476,C03805,NA,1
Hypusine,HMDB11140,65396,NA,,NA,1
MG(18:0e/0:0/0:0),HMDB11143,10860876,NA,,NA,1
PA(16:0e/18:0),HMDB11145,52929644,NA,,NA,1
DG(18:0e/2:0/0:0),HMDB11147,13341683,NA,C03820,NA,1
Deoxyhypusine,HMDB11150,122083,50038,,NA,1
PE(P-16:0e/0:0),HMDB11152,42607469,NA,,NA,1
MG(P-18:0e/0:0/0:0),HMDB11153,11824075,NA,,NA,1
LPA(P-16:0e/0:0),HMDB11154,52929772,NA,C15646,NA,1
"PA(P-16:0e/18:2(9Z,12Z))",HMDB11155,52929743,NA,C15647,NA,1
L-beta-aspartyl-L-glutamic acid ,HMDB11164,25207301,NA,,NA,1
L-beta-aspartyl-L-glycine ,HMDB11165,302430,NA,,NA,1
L-beta-aspartyl-L-leucine ,HMDB11166,3549397,NA,,NA,1
L-gamma-glutamyl-L-leucine ,HMDB11171,4524287,NA,,NA,1
L-leucyl-L-proline ,HMDB11175,44369311,356659,,NA,1
TG(8:0/8:0/8:0),HMDB11187,10850,930032,C13044,NA,1
TG(12:0/12:0/12:0),HMDB11188,10851,NA,C00422,NA,1
LysoPE(0:0/14:0),HMDB11470,53480919,NA,,NA,1
LysoPE(0:0/16:1(9Z)),HMDB11474,53480923,NA,,NA,1
LysoPE(0:0/18:1(11Z)),HMDB11475,53480924,NA,,NA,1
LysoPE(0:0/20:0),HMDB11481,53480930,NA,,NA,1
"LysoPE(0:0/20:2(11Z,14Z))",HMDB11483,53480932,NA,,NA,1
"LysoPE(0:0/20:3(11Z,14Z,17Z))",HMDB11484,53480933,NA,,NA,1
LysoPE(0:0/22:0),HMDB11490,53480939,NA,,NA,1
"LysoPE(0:0/22:2(13Z,16Z))",HMDB11492,53480941,NA,,NA,1
"LysoPE(0:0/22:5(7Z,10Z,13Z,16Z,19Z))",HMDB11495,53480944,NA,,NA,1
"LysoPE(0:0/22:6(4Z,7Z,10Z,13Z,16Z,19Z))",HMDB11496,53480945,NA,,NA,1
"LysoPE(0:0/24:6(6Z,9Z,12Z,15Z,18Z,21Z))",HMDB11499,53480948,NA,,NA,1
MG(0:0/15:0/0:0),HMDB11532,537297,NA,,NA,1
MG(0:0/16:0/0:0),HMDB11533,123409,840954,,NA,1
MG(0:0/18:0/0:0),HMDB11535,79075,NA,,NA,1
MG(0:0/18:1(11Z)/0:0),HMDB11536,53480961,NA,,NA,1
"MG(0:0/18:3(6Z,9Z,12Z)/0:0)",HMDB11539,11646044,NA,,NA,1
MG(0:0/20:1(11Z)/0:0),HMDB11543,53480963,NA,,NA,1
"MG(0:0/20:2(11Z,14Z)/0:0)",HMDB11544,53480964,NA,,NA,1
MG(0:0/22:1(13Z)/0:0),HMDB11552,6438186,NA,,NA,1
"MG(0:0/22:2(13Z,16Z)/0:0)",HMDB11553,53480968,NA,,NA,1
"MG(0:0/22:4(7Z,10Z,13Z,16Z)/0:0)",HMDB11554,53480969,NA,,NA,1
"MG(20:3(11Z,14Z,17Z)/0:0/0:0)",HMDB11575,53480984,NA,,NA,1
MG(24:1(15Z)/0:0/0:0),HMDB11589,53480997,NA,,NA,1
3-Oxoalanine,HMDB11602,29,17740,,NA,1
4-(Methylnitrosamino)-1-(3-pyridyl)-1-butanone ,HMDB11603,47289,32692,C16453,NA,1
"All-trans-13,14-dihydroretinol",HMDB11618,446798,52075,C15492,NA,1
Glycyrrhetinic acid ,HMDB11628,18526330,30853,C02283,NA,1
L-3-Hydroxykynurenine,HMDB11631,11811,17380,C03227,NA,1
p-Cresol sulfate,HMDB11635,4615423,NA,,NA,1
"Uridine 2',3'-cyclic phosphate ",HMDB11640,439715,28637,C02355,NA,1
"(24R)-Cholest-5-ene-3-beta,24-diol ",HMDB11643,53481009,1307962,,NA,1
1-(sn-Glycero-3-phospho)-1D-myo-inositol ,HMDB11649,NA,18321,C01225,NA,1
"11beta,20-Dihydroxy-3-oxopregn-4-en-21-oic acid",HMDB11651,53481011,NA,,NA,1
2-(3-Carboxy-3-aminopropyl)-L-histidine ,HMDB11655,440342,17144,C04441,NA,1
2-Methylerythritol ,HMDB11659,53481015,NA,,NA,1
2-Methylhexanoyl-CoA ,HMDB11660,53481016,NA,,NA,1
3-beta-Hydroxy-4-beta-methyl-5-alpha-cholest-7-ene-4-alpha-carboxylate,HMDB11662,53481018,18134,C04840,NA,1
5-L-Glutamylglycine,HMDB11667,165527,NA,,NA,1
6-(N-Acetyl-alpha-D-glucosaminyl)-1-phosphatidyl-1D-myo-inositol ,HMDB11669,53481019,12194,C01288,NA,1
"ADP-ribose 1""-2"" cyclic phosphate ",HMDB11671,53481021,NA,,NA,1
DHAP(10:0),HMDB11675,53481023,NA,,NA,1
"D-Xylono-1,5-lactone",HMDB11676,439692,15867,C02266,NA,1
"Inosine 2',3'-cyclic phosphate ",HMDB11680,12358625,NA,,NA,1
Inosine 2'-phosphate,HMDB11681,18601915,NA,,NA,1
DHAP(8:0),HMDB11685,53481029,NA,,NA,1
p-Cresol glucuronide,HMDB11686,154035,NA,,NA,1
"Ribose 1,5-bisphosphate",HMDB11688,14035695,17994,C01151,NA,1
TG(15:0/18:1(9Z)/16:0)[iso6],HMDB11705,53481037,NA,,NA,1
Vanilpyruvic acid,HMDB11714,14124,NA,,NA,1
N-Acetylvanilalanine,HMDB11716,12681285,NA,,NA,1
Nonate,HMDB11717,16058309,NA,,NA,1
Homovanillic acid sulfate,HMDB11719,29981063,NA,C05582,NA,1
UDP-N-acetylmuraminate,HMDB11720,1169,17882,C01050,NA,1
5-Sulfosalicylic acid,HMDB11725,7322,480324,C16199,NA,1
Bicine,HMDB11727,8761,39066,,NA,1
Gamma Glutamylglutamic acid,HMDB11737,92865,NA,C05282,NA,1
Gamma-Glutamyl Glutamine,HMDB11738,150914,NA,C05283,NA,1
N-Acetyl-L-methionine,HMDB11745,6180,165927,C02712,NA,1
2-Piperidinone,HMDB11749,12665,110273,,NA,1
Dihydroxyacetone Phosphate Acyl Ester,HMDB11750,6857386,15835,C03372,NA,1
Cer(d18:0/16:0),HMDB11760,5283572,67042,,NA,1
Cer(d18:0/18:1(11Z)),HMDB11762,53481047,NA,,NA,1
Cer(d18:0/26:0),HMDB11771,644245,52962,,NA,1
Cer(d18:1/18:1(11Z)),HMDB11774,53481051,NA,,NA,1
Cer(d18:1/22:1(13Z)),HMDB11775,53481052,NA,,NA,1
SM(d18:0/12:0),HMDB12084,53481358,NA,C00550,NA,1
SM(d18:0/14:0),HMDB12085,44260138,NA,C00550,NA,1
SM(d18:0/18:0),HMDB12087,44260130,NA,C00550,NA,1
SM(d18:0/18:1(11Z)),HMDB12088,53481360,17636,C00550,NA,1
SM(d18:0/22:1(13Z)),HMDB12092,53481362,17636,C00550,NA,1
SM(d18:0/24:1(15Z)),HMDB12095,44260133,17636,C00550,NA,1
SM(d18:1/20:0),HMDB12102,44260124,113818,C00550,NA,1
SM(d18:1/22:1(13Z)),HMDB12104,52931203,17636,C00550,NA,1
SM(d18:1/23:0),HMDB12105,46891684,17636,C00550,NA,1
SM(d18:1/24:1(15Z)),HMDB12107,44260126,17636,C00550,NA,1
LysoPC(17:0),HMDB12108,24779463,580913,C04230,NA,1
"5,6-Dihydroxyprostaglandin F1a",HMDB12109,6439819,NA,C06475,NA,1
(R)-Amphetamine,HMDB12128,32893,42724,C07514,NA,1
"2-Hexaprenyl-3-methyl-5-hydroxy-6-methoxy-1,4-benzoquinol",HMDB12146,53481381,NA,,NA,1
2-Isopropyl-3-oxosuccinate,HMDB12149,5462259,1467,C04236,NA,1
2-Keto-6-acetamidocaproate,HMDB12150,194080,NA,C05548,NA,1
"3,4-Dihydroxybenzylamine",HMDB12153,91623,NA,,NA,1
3-Methyl-2-butenal,HMDB12157,61020,15825,C07330,NA,1
4-(Glutamylamino) butanoate,HMDB12161,23724570,49260,C15767,NA,1
4alpha-Carboxy-5alpha-cholesta-8-en-3beta-ol,HMDB12166,25200718,NA,,NA,1
5-Methyltetrahydropteroyltri-L-glutamate,HMDB12177,16722111,17614,C04489,NA,1
CMP-N-glycoloylneuraminate,HMDB12206,53481387,18098,C03691,NA,1
Dihydrozeatin,HMDB12215,439631,17874,C02029,NA,1
"dTDP-4-acetamido-4,6-dideoxy-D-galactose",HMDB12222,53481392,NA,,NA,1
Gamma-glutamyl-L-putrescine,HMDB12230,20841830,48005,C15699,NA,1
Histidinal,HMDB12234,775,NA,,NA,1
Isopentenyladenine-9-N-glucoside,HMDB12240,53481394,NA,,NA,1
Isopropylmaleate,HMDB12241,5280533,17275,C02631,NA,1
Kinetin-7-N-glucoside,HMDB12243,25202817,NA,,NA,1
Kinetin,HMDB12245,3830,NA,C08272,NA,1
Kynuramine,HMDB12246,9692,130677,,NA,1
L-Aspartate-semialdehyde,HMDB12249,439235,18051,C00441,NA,1
L-Canaline,HMDB12251,441443,NA,C08270,NA,1
Linoleoyl ethanolamide,HMDB12252,5283446,64032,,NA,1
Molybdate,HMDB12260,82208,25371,C06232,NA,1
Molybdenum cofactor (sulfide),HMDB12261,53481396,NA,,NA,1
Molybdopterin-AMP,HMDB12262,25245677,NA,,NA,1
Palmitic amide,HMDB12273,69421,147265,,NA,1
PhosphoribosylformiminoAICAR-phosphate,HMDB12277,1012,NA,C04896,NA,1
PPPi,HMDB12282,983,39949,C00404,NA,1
Tetrahydrodipicolinate,HMDB12289,632,32976,C03972,NA,1
UDP-4-dehydro-6-deoxy-D-glucose,HMDB12300,440219,16553,C04089,NA,1
UDP-L-rhamnose,HMDB12305,192751,17454,C02199,NA,1
3-O-Sulfogalactosylceramide (d18:1/14:0),HMDB12312,53481402,NA,C06125,NA,1
3-O-Sulfogalactosylceramide (d18:1/16:0),HMDB12313,24779578,NA,C06125,NA,1
3-O-Sulfogalactosylceramide (d18:1/20:0),HMDB12315,24779583,NA,C06125,NA,1
3-O-Sulfogalactosylceramide (d18:1/22:0),HMDB12316,24779582,NA,C06125,NA,1
3-O-Sulfogalactosylceramide (d18:1/18:1(9Z)),HMDB12317,53481403,NA,C06125,NA,1
3-O-Sulfogalactosylceramide (d18:1/24:1(15Z)),HMDB12318,24779587,NA,C06125,NA,1
3-O-Sulfogalactosylceramide (d18:1/26:1(17Z)),HMDB12319,53481404,NA,C06125,NA,1
PS(14:0/14:0),HMDB12330,123699,NA,,NA,1
PS(14:0/18:1(9Z)),HMDB12335,52926083,NA,,NA,1
"PS(14:0/18:2(9Z,12Z))",HMDB12336,52926034,NA,,NA,1
"PS(14:0/18:3(9Z,12Z,15Z))",HMDB12337,52926033,NA,,NA,1
"PS(14:0/20:3(8Z,11Z,14Z))",HMDB12338,52925214,NA,,NA,1
PS(14:1(9Z)/14:1(9Z)),HMDB12342,52926026,NA,,NA,1
"PS(14:1(9Z)/20:4(5Z,8Z,11Z,14Z))",HMDB12350,52925241,NA,,NA,1
PS(16:0/18:1(9Z)),HMDB12357,5283499,34086,,NA,1
"PS(16:0/18:2(9Z,12Z))",HMDB12358,46891802,NA,,NA,1
"PS(16:0/20:3(8Z,11Z,14Z))",HMDB12360,52926011,NA,,NA,1
"PS(16:0/20:4(5Z,8Z,11Z,14Z))",HMDB12361,24779544,NA,,NA,1
"PS(16:0/22:6(4Z,7Z,10Z,13Z,16Z,19Z))",HMDB12362,46891805,NA,,NA,1
"PS(18:0/20:4(5Z,8Z,11Z,14Z))",HMDB12383,24779545,NA,,NA,1
"PS(18:1(9Z)/20:4(5Z,8Z,11Z,14Z))",HMDB12394,52925988,NA,,NA,1
"PS(18:1(9Z)/22:6(4Z,7Z,10Z,13Z,16Z,19Z))",HMDB12395,52925155,NA,,NA,1
"PS(20:3(8Z,11Z,14Z)/22:6(4Z,7Z,10Z,13Z,16Z,19Z))",HMDB12428,52925729,NA,,NA,1
"PS(20:4(5Z,8Z,11Z,14Z)/22:6(4Z,7Z,10Z,13Z,16Z,19Z))",HMDB12439,52926084,NA,,NA,1
"PS(22:6(4Z,7Z,10Z,13Z,16Z,19Z)/22:6(4Z,7Z,10Z,13Z,16Z,19Z))",HMDB12450,46891812,NA,,NA,1
"3 beta,7 alpha-Dihydroxy-5-cholestenoate",HMDB12454,53481408,NA,C17335,NA,1
"3 alpha,7 alpha,26-Trihydroxy-5beta-cholestane",HMDB12455,53481409,28540,C05444,NA,1
7 alpha-Hydroxy-3-oxo-4-cholestenoate,HMDB12458,53481411,NA,C17337,NA,1
11'-Carboxy-alpha-chromanol,HMDB12515,53481451,NA,,NA,1
"12-oxo-10,11-dihydro-20-COOH-LTB4",HMDB12549,53481456,NA,,NA,1
13'-Hydroxy-alpha-tocopherol,HMDB12559,53481465,NA,,NA,1
13'-Hydroxy-gamma-tocopherol,HMDB12561,53481467,NA,,NA,1
13E-Tetranor-16-carboxy-LTE4,HMDB12575,53481472,NA,,NA,1
14-hydroxy-E4-neuroprostane,HMDB12580,53481475,NA,C00584,NA,1
19-Oic-deoxycorticosterone,HMDB12613,53481498,NA,,NA,1
20-Oxo-leukotriene E4,HMDB12642,53481512,NA,,NA,1
3-Dehydroquinate,HMDB12710,439351,17947,C00944,NA,1
5'-Carboxy-gamma-chromanol,HMDB12799,53481525,NA,,NA,1
5-Aminopentanal,HMDB12815,443849,NA,C12455,NA,1
9'-Carboxy-gamma-tocotrienol,HMDB12869,53481537,NA,,NA,1
Gamma-Tocotrienol,HMDB12958,5282349,33277,C14155,NA,1
Kinetensin 1-3,HMDB12983,53481564,NA,,NA,1
Kinetensin 4-7,HMDB12986,53481567,NA,,NA,1
N-Heptanoylglycine,HMDB13010,10932172,NA,,NA,1
Neuromedin B (4-10),HMDB13017,53481578,NA,,NA,1
Neurotensin 11-13,HMDB13024,53481585,NA,,NA,1
"6,9,12,15,18,21-Tetracosahexaenoic acid",HMDB13025,53481586,NA,,NA,1
Oxytocin 1-8,HMDB13033,53481590,NA,,NA,1
Paraoxon,HMDB13035,9395,27827,C06606,NA,1
PGH3,HMDB13040,53481592,15554,C00427,NA,1
S-(11-hydroxy-9-deoxy-delta12-PGD2)-glutathione,HMDB13055,53481595,NA,,NA,1
"S-(11-OH-9-deoxy-delta9,12-PGD2)-glutathione",HMDB13056,53481596,NA,,NA,1
Sinapyl alcohol,HMDB13070,5280507,64557,C02325,NA,1
Spermic acid 2,HMDB13075,167029,NA,,NA,1
"trans-4,5-epoxy-2(E)-decenal",HMDB13105,5352429,NA,,NA,1
UDP-N-acetyl-D-mannosamine,HMDB13112,53481607,16287,C01170,NA,1
LysoPC(P-18:0),HMDB13122,24779527,NA,C04230,NA,1
Propenoylcarnitine,HMDB13124,53481611,NA,,NA,1
Hydroxypropionylcarnitine,HMDB13125,53481613,NA,,NA,1
Butenylcarnitine,HMDB13126,53481615,NA,,NA,1
Hydroxybutyrylcarnitine,HMDB13127,53481617,NA,,NA,1
1-Hydroxypyrene,HMDB13139,53481631,NA,C14519,NA,1
2-Hexenoylcarnitine,HMDB13161,53481638,NA,,NA,1
3-Hydroxypicolinic acid,HMDB13188,13401,64342,C18620,NA,1
5-Hydroxytryptophol glucuronide,HMDB13200,53481648,32649,,NA,1
6-Keto-decanoylcarnitine,HMDB13202,53481649,NA,,NA,1
Heptanoylcarnitine,HMDB13238,6426896,NA,,NA,1
Leucyl-phenylalanine,HMDB13243,259325,383437,C11221,NA,1
N-Acetylhistamine ,HMDB13253,69602,28483,C05135,NA,1
N-Decanoylglycine,HMDB13267,1712391,NA,,NA,1
N-Nonanoylglycine,HMDB13279,10176752,NA,,NA,1
N-Undecanoylglycine,HMDB13286,454092,NA,,NA,1
"Ne,Ne dimethyllysine",HMDB13287,4478779,NA,C05545  ,NA,1
Tridecanoylglycine,HMDB13317,45357453,NA,,NA,1
"3, 5-Tetradecadiencarnitine",HMDB13331,53481681,NA,,NA,1
"9,12-Hexadecadienoylcarnitine",HMDB13334,53481687,NA,,NA,1
3-Hydroxyhexadecadienoylcarnitine,HMDB13335,53481689,NA,,NA,1
2-Hydroxyhexadecanoylcarnitine,HMDB13337,53481693,NA,,NA,1
"PC(o-22:1(13Z)/22:3(10Z,13Z,16Z))",HMDB13453,53481761,NA,,NA,1
"PC(o-22:2(13Z,16Z)/22:3(10Z,13Z,16Z))",HMDB13456,53481767,NA,,NA,1
SM(d18:0/16:1(9Z)),HMDB13464,53481781,NA,C00550,NA,1
PGP(16:0/16:1(9Z)),HMDB13473,53481795,NA,,NA,1
"PGP(16:0/22:4(7Z,10Z,13Z,16Z))",HMDB13483,53481803,NA,,NA,1
"PGP(18:0/22:4(7Z,10Z,13Z,16Z))",HMDB13513,53481831,NA,,NA,1
"1,4-Dithiothreitol",HMDB13593,439196,NA,C00265,NA,1
16(17)-EpDPE,HMDB13621,14392758,NA,,NA,1
Alpha-Linolenoyl ethanolamide,HMDB13624,5283449,613508,C13828,NA,1
PGD2 ethanolamide,HMDB13629,NA,34488,C13828,NA,1
Oleoyl glycine,HMDB13631,6436908,479286,,NA,1
Palmitoleoyl Ethanolamide,HMDB13648,9835868,NA,,NA,1
2-Arachidonyl Glycerol ether,HMDB13657,6483057,345740,,NA,1
Platinum,HMDB13671,23939,33364,,NA,1
3-Dechloroethylifosfamide,HMDB13858,114861,238115,C16550,NA,1
5-Hydroxyvalproic acid,HMDB13898,135244,NA,C16650,NA,1
Tamoxifen,HMDB14813,2733526,41774,C07108,NA,1
Irinotecan,HMDB14900,60838,105985,C16641,NA,1
Oxitriptan,HMDB15571,439280,17780,C00643,NA,1
Coutaric acid,HMDB29225,449034,NA,C01327,NA,1
Glutaral,HMDB29599,3485,64276,C12518,NA,1
Vitamin K2,HMDB30017,5283547,NA,C00828,NA,1
Linamarin,HMDB33699,11128,16441,C01594,NA,1
Lotaustralin,HMDB33865,4626626,NA,C08334,NA,1
Prunasin,HMDB34934,119033,17396,C00844,NA,1
Amygdalin,HMDB35030,2180,27613,C08325,NA,1
Morphine-3-glucuronide,HMDB41936,5484731,NA,C16643,NA,1
7-Methylguanosine 5'-phosphate,HMDB59612,440190,17825,C03998,NA,1
7-Methylguanosine 5'-diphosphate,HMDB59613,444335,63730,C20183,NA,1
all-trans-Decaprenyl diphosphate,HMDB59616,5462210,61011,C17432,NA,1
Adenylyl-molybdopterin,HMDB59628,53356705,62728,C19848,NA,1
"(S)-2,3,4,5-tetrahydropyridine-2-carboxylate",HMDB59657,24771808,49014,C00450,NA,1
CMP-2-aminoethylphosphonate,HMDB60067,440754,NA,C05673,NA,1
cis-beta-D-Glucosyl-2-hydroxycinnamate,HMDB60077,5316113,62251,C05839,NA,1
"Sedoheptulose 1,7-bisphosphate",HMDB60274,164735,17969,C00447,NA,1
Luteolin 7-O-[beta-D-glucuronosyl-(1->2)-beta-D-glucuronide]-4'-O-beta-D-glucuronide,HMDB60296,5280752,37645,C04900,NA,1
Luteolin 7-O-[beta-D-glucuronosyl-(1->2)-beta-D-glucuronide],HMDB60297,5282153,60077,C12632,NA,1
"1-Nitro-5-glutathionyl-6-hydroxy-5,6-dihydronaphthalene",HMDB60326,11954057,NA,C14806,NA,1
2-(S-Glutathionyl)acetyl glutathione,HMDB60343,11954072,NA,C14863,NA,1
3-Carbamoyl-2-phenylpropionic acid,HMDB60367,NA,NA,C16591,NA,1
3-Hydroxy-3-(4-methylpent-3-en-1-yl)glutaryl-CoA,HMDB60372,11966138,15483,C04675,NA,1
3-Oxoadipyl-CoA,HMDB60378,9543153,15490,C02232,NA,1
4-(Methylnitrosamino)-1-(3-pyridyl)-1-butanol glucuronide,HMDB60383,183009,NA,C19605,NA,1
5-Methyl-3-oxo-4-hexenoyl-CoA,HMDB60399,9549331,NA,C16471,NA,1
"5,6,7,8-Tetrahydromethanopterin",HMDB60403,5462234,17321,C01217,NA,1
5alpha-Pregnan-20alpha-ol-3-one,HMDB60408,3080558,NA,C18041,NA,1
"5alpha-Pregnane-3alpha,20alpha-diol",HMDB60409,164674,1253836,C18042,NA,1
6-Methylthioguanosine monophosphate,HMDB60413,21820757,1267083,C16620,NA,1
6-Methylthiopurine 5'-monophosphate ribonucleotide,HMDB60414,10091038,NA,C16615,NA,1
6-Thioinosine-5'-monophosphate,HMDB60416,3034391,NA,C04646,NA,1
"Androstan-3alpha,17beta-diol",HMDB60437,440143,NA,C03852,NA,1
beta-Alanyl-L-lysine,HMDB60442,440638,27749,C05341,NA,1
Cephalosporin C,HMDB60450,65536,15776,C00916,NA,1
Codeine-6-glucuronide,HMDB60464,5489029,NA,C16577,NA,1
gamma-Glutamyl-beta-aminopropiononitrile,HMDB60477,440920,28092,C06114,NA,1
Glutathione episulfonium ion,HMDB60479,159079,NA,C14874,NA,1
Iminoerythrose 4-phosphate,HMDB60483,18439579,NA,C12215,NA,1
L-Formylkynurenine,HMDB60485,439788,30249,C02700,NA,1
N-Acetylmuramate,HMDB60493,5462244,21615,C02713,NA,1
N-Acetylmuramoyl-Ala,HMDB60494,5462248,NA,C02999,NA,1
N-Formyl-L-aspartate,HMDB60495,88052,48429,C01044,NA,1
"N,N'-Diacetylhydrazine",HMDB60496,NA,NA,C16622,NA,1
NPC,HMDB60499,11756356,NA,C16543,NA,1
S-(Formylmethyl)glutathione,HMDB60507,11954074,NA,C14871,NA,1
Sedoheptulose 1-phosphate,HMDB60509,16070031,9082,C06222,NA,1
SN-38,HMDB60510,104842,161315,C11173,NA,1
SN38 glucuronide,HMDB60511,443154,NA,C11376,NA,1
Tamoxifen N-oxide,HMDB60513,NA,NA,C16545,NA,1
Citalopram N-oxide,HMDB60654,NA,NA,C16607,NA,1
3-Hydroxylidocaine,HMDB60655,NA,NA,C16560,NA,1
Monoethylglycinexylidide,HMDB60656,NA,222828,C16561,NA,1
p-Hydroxyfelbamate,HMDB60669,NA,NA,C16584,NA,1
N-Didesmethyl-tamoxifen,HMDB61086,3036172,NA,C16548,NA,1
Monodehydro-L-ascorbic acid,HMDB13004,NA,NA,NA,NA,0
"7,10-Hexadecadienoic acid",HMDB00480,NA,NA,NA,NA,0
"3a,16b-Dihydroxyandrostenone",HMDB00309,NA,NA,NA,NA,0
Dopaxanthin quinone,HMDB12220,NA,NA,NA,NA,0
Portulacaxanthin II,HMDB12281,NA,NA,NA,NA,0
Ferricytochrome,HMDB12945,NA,NA,NA,NA,0
Pentacarboxylporphyrin,HMDB00789,NA,NA,NA,NA,0
Hexacarboxylporphyrin,HMDB00743,NA,NA,NA,NA,0
Hydroxypropionic porphyrin III,HMDB00728,NA,NA,NA,NA,0
TG(16:0/14:0/18:0),HMDB10413,NA,NA,NA,NA,0
"PI(16:0/18:2(9Z,12Z))",HMDB09784,NA,NA,NA,NA,0
PI(16:0/18:0),HMDB09781,NA,NA,NA,NA,0
PI(16:0/18:1(11Z)),HMDB09782,NA,NA,NA,NA,0
"PI(16:0/20:4(5Z,8Z,11Z,14Z))",HMDB09789,NA,NA,NA,NA,0
"PI(16:0/20:3(5Z,8Z,11Z))",HMDB09787,NA,NA,NA,NA,0
"PI(16:0/20:2(11Z,14Z))",HMDB09786,NA,NA,NA,NA,0
All trans decaprenyl diphosphate,HMDB06288,NA,NA,NA,NA,0
"PI(16:0/22:5(4Z,7Z,10Z,13Z,16Z))",HMDB09795,NA,NA,NA,NA,0
"PI(16:0/22:4(10Z,13Z,16Z,19Z))",HMDB09793,NA,NA,NA,NA,0
"PI(16:0/22:3(10Z,13Z,16Z))",HMDB09792,NA,NA,NA,NA,0
"PI(18:0/22:6(4Z,7Z,10Z,13Z,16Z,19Z))",HMDB09821,NA,NA,NA,NA,0
"PI(18:0/22:5(4Z,7Z,10Z,13Z,16Z))",HMDB09819,NA,NA,NA,NA,0
PIP(16:0/18:0),HMDB09923,NA,NA,NA,NA,0
"PIP(16:0/22:2(13Z,16Z))",HMDB09933,NA,NA,NA,NA,0
Nitrophenylphosphate,HMDB01300,NA,NA,NA,NA,0
"3a,7a-Dihydroxycoprostanic acid",HMDB01974,NA,NA,NA,NA,0
Corrinoid,HMDB04269,NA,NA,NA,NA,0
"3b,15b,17a-Trihydroxy-pregnenone",HMDB00353,NA,NA,NA,NA,0
